{
    "surfaces_list": [
        {
            "surface_name": "neck_srf", 
            "surface_shape": "neck_srfShape", 
            "range_u": {
                "max": 1.0, 
                "min": 0.0
            }, 
            "range_v": {
                "max": 1.0, 
                "min": 0.0
            }, 
            "curve_u": {
                "shape_name": "crv_shape", 
                "parent_name": "tmp_ctrl", 
                "degree": 2, 
                "knots": [], 
                "form": 0, 
                "spans": 9, 
                "cvs": [], 
                "ove": false, 
                "override_rgb": false, 
                "index_color": 20, 
                "rgb_color": [
                    1.0, 
                    1.0, 
                    1.0
                ]
            }, 
            "curve_v": {
                "shape_name": "crv_shape", 
                "parent_name": "tmp_ctrl", 
                "degree": 1, 
                "knots": [], 
                "form": 0, 
                "spans": 1, 
                "cvs": [], 
                "ove": false, 
                "override_rgb": false, 
                "index_color": 20, 
                "rgb_color": [
                    1.0, 
                    1.0, 
                    1.0
                ]
            }, 
            "cvs_dict": {
                "cv[9][1]": [
                    -0.08380439877510071, 
                    20.94634246826172, 
                    -0.42275166511535645
                ], 
                "cv[2][0]": [
                    0.08380439877510071, 
                    19.3502254486084, 
                    -0.8382843732833862
                ], 
                "cv[4][1]": [
                    -0.08380439877510071, 
                    19.806257247924805, 
                    -0.7195611596107483
                ], 
                "cv[7][1]": [
                    -0.08380439877510071, 
                    20.49030876159668, 
                    -0.5414755940437317
                ], 
                "cv[5][1]": [
                    -0.08380439877510071, 
                    20.034276962280273, 
                    -0.6601988673210144
                ], 
                "cv[3][1]": [
                    -0.08380439877510071, 
                    19.5782413482666, 
                    -0.7789227962493896
                ], 
                "cv[10][0]": [
                    0.0838044285774231, 
                    21.174365997314453, 
                    -0.3633881211280823
                ], 
                "cv[8][0]": [
                    0.08380439877510071, 
                    20.718326568603516, 
                    -0.4821133017539978
                ], 
                "cv[6][1]": [
                    -0.08380439877510071, 
                    20.26228904724121, 
                    -0.6008379459381104
                ], 
                "cv[0][1]": [
                    -0.08380439877510071, 
                    18.89417266845703, 
                    -0.9570130705833435
                ], 
                "cv[1][1]": [
                    -0.08380439877510071, 
                    19.122203826904297, 
                    -0.8976473808288574
                ], 
                "cv[9][0]": [
                    0.08380439877510071, 
                    20.94634246826172, 
                    -0.42275166511535645
                ], 
                "cv[4][0]": [
                    0.08380439877510071, 
                    19.806257247924805, 
                    -0.7195611596107483
                ], 
                "cv[2][1]": [
                    -0.08380439877510071, 
                    19.3502254486084, 
                    -0.8382843732833862
                ], 
                "cv[7][0]": [
                    0.08380439877510071, 
                    20.49030876159668, 
                    -0.5414755940437317
                ], 
                "cv[1][0]": [
                    0.08380439877510071, 
                    19.122203826904297, 
                    -0.8976473808288574
                ], 
                "cv[5][0]": [
                    0.08380439877510071, 
                    20.034276962280273, 
                    -0.6601988673210144
                ], 
                "cv[8][1]": [
                    -0.08380439877510071, 
                    20.718326568603516, 
                    -0.4821133017539978
                ], 
                "cv[3][0]": [
                    0.08380439877510071, 
                    19.5782413482666, 
                    -0.7789227962493896
                ], 
                "cv[6][0]": [
                    0.08380439877510071, 
                    20.26228904724121, 
                    -0.6008379459381104
                ], 
                "cv[10][1]": [
                    -0.0838044285774231, 
                    21.174365997314453, 
                    -0.3633881211280823
                ], 
                "cv[0][0]": [
                    0.08380439877510071, 
                    18.89417266845703, 
                    -0.9570130705833435
                ]
            }
        }
    ]
}