{
    "surfaces_list": [
        {
            "surface_name": "neck_srf", 
            "surface_shape": "neck_srfShape", 
            "range_u": {
                "max": 1.0, 
                "min": 0.0
            }, 
            "range_v": {
                "max": 1.0, 
                "min": 0.0
            }, 
            "curve_u": {
                "shape_name": "crv_shape", 
                "parent_name": "tmp_ctrl", 
                "degree": 2, 
                "knots": [], 
                "form": 0, 
                "spans": 9, 
                "cvs": [], 
                "ove": false, 
                "override_rgb": false, 
                "index_color": 20, 
                "rgb_color": [
                    1.0, 
                    1.0, 
                    1.0
                ]
            }, 
            "curve_v": {
                "shape_name": "crv_shape", 
                "parent_name": "tmp_ctrl", 
                "degree": 1, 
                "knots": [], 
                "form": 0, 
                "spans": 1, 
                "cvs": [], 
                "ove": false, 
                "override_rgb": false, 
                "index_color": 20, 
                "rgb_color": [
                    1.0, 
                    1.0, 
                    1.0
                ]
            }, 
            "cvs_dict": {
                "cv[9][1]": [
                    -0.625045120716095, 
                    159.90408325195312, 
                    0.3906138837337494
                ], 
                "cv[2][0]": [
                    0.625045120716095, 
                    148.97500610351562, 
                    0.39061239361763
                ], 
                "cv[4][1]": [
                    -0.625045120716095, 
                    152.09759521484375, 
                    0.39061281085014343
                ], 
                "cv[7][1]": [
                    -0.625045120716095, 
                    156.781494140625, 
                    0.39061346650123596
                ], 
                "cv[5][1]": [
                    -0.625045120716095, 
                    153.65890502929688, 
                    0.39061304926872253
                ], 
                "cv[3][1]": [
                    -0.625045120716095, 
                    150.5363006591797, 
                    0.3906126022338867
                ], 
                "cv[10][0]": [
                    0.625045120716095, 
                    161.46539306640625, 
                    0.3906141221523285
                ], 
                "cv[8][0]": [
                    0.625045120716095, 
                    158.34280395507812, 
                    0.39061370491981506
                ], 
                "cv[6][1]": [
                    -0.625045120716095, 
                    155.22018432617188, 
                    0.39061325788497925
                ], 
                "cv[0][1]": [
                    -0.625045120716095, 
                    145.8524169921875, 
                    0.3906119465827942
                ], 
                "cv[1][1]": [
                    -0.625045120716095, 
                    147.4136962890625, 
                    0.3906121850013733
                ], 
                "cv[9][0]": [
                    0.625045120716095, 
                    159.90408325195312, 
                    0.3906138837337494
                ], 
                "cv[4][0]": [
                    0.625045120716095, 
                    152.09759521484375, 
                    0.39061281085014343
                ], 
                "cv[2][1]": [
                    -0.625045120716095, 
                    148.97500610351562, 
                    0.39061239361763
                ], 
                "cv[7][0]": [
                    0.625045120716095, 
                    156.781494140625, 
                    0.39061346650123596
                ], 
                "cv[1][0]": [
                    0.625045120716095, 
                    147.4136962890625, 
                    0.3906121850013733
                ], 
                "cv[5][0]": [
                    0.625045120716095, 
                    153.65890502929688, 
                    0.39061304926872253
                ], 
                "cv[8][1]": [
                    -0.625045120716095, 
                    158.34280395507812, 
                    0.39061370491981506
                ], 
                "cv[3][0]": [
                    0.625045120716095, 
                    150.5363006591797, 
                    0.3906126022338867
                ], 
                "cv[6][0]": [
                    0.625045120716095, 
                    155.22018432617188, 
                    0.39061325788497925
                ], 
                "cv[10][1]": [
                    -0.625045120716095, 
                    161.46539306640625, 
                    0.3906141221523285
                ], 
                "cv[0][0]": [
                    0.625045120716095, 
                    145.8524169921875, 
                    0.3906119465827942
                ]
            }
        }
    ]
}