{
    "surfaces_list": [
        {
            "surface_name": "neck_srf", 
            "surface_shape": "neck_srfShape", 
            "range_u": {
                "max": 1.0, 
                "min": 0.0
            }, 
            "range_v": {
                "max": 1.0, 
                "min": 0.0
            }, 
            "curve_u": {
                "shape_name": "crv_shape", 
                "parent_name": "tmp_ctrl", 
                "degree": 2, 
                "knots": [], 
                "form": 0, 
                "spans": 9, 
                "cvs": [], 
                "ove": false, 
                "override_rgb": false, 
                "index_color": 20, 
                "rgb_color": [
                    1.0, 
                    1.0, 
                    1.0
                ]
            }, 
            "curve_v": {
                "shape_name": "crv_shape", 
                "parent_name": "tmp_ctrl", 
                "degree": 1, 
                "knots": [], 
                "form": 0, 
                "spans": 1, 
                "cvs": [], 
                "ove": false, 
                "override_rgb": false, 
                "index_color": 20, 
                "rgb_color": [
                    1.0, 
                    1.0, 
                    1.0
                ]
            }, 
            "cvs_dict": {
                "cv[9][1]": [
                    -0.0838044001320534, 
                    21.050256014298675, 
                    -0.5678658014014399
                ], 
                "cv[2][0]": [
                    0.0838044001320534, 
                    19.887675376705722, 
                    -0.8705405998273495
                ], 
                "cv[4][1]": [
                    -0.0838044001320534, 
                    20.219840113715215, 
                    -0.7840617268799401
                ], 
                "cv[7][1]": [
                    -0.0838044001320534, 
                    20.718089190940617, 
                    -0.6543433064963743
                ], 
                "cv[5][1]": [
                    -0.0838044001320534, 
                    20.38592443133207, 
                    -0.7408220843830612
                ], 
                "cv[3][1]": [
                    -0.0838044001320534, 
                    20.053757932050065, 
                    -0.8273011445790511
                ], 
                "cv[10][0]": [
                    0.08380440013205338, 
                    21.216344125079775, 
                    -0.5246310694417984
                ], 
                "cv[8][0]": [
                    0.0838044001320534, 
                    20.884173880161196, 
                    -0.6111035418779822
                ], 
                "cv[6][1]": [
                    -0.0838044001320534, 
                    20.552004863534034, 
                    -0.6975829970198186
                ], 
                "cv[0][1]": [
                    -0.08380440013205337, 
                    19.555495443686244, 
                    -0.9570158810778837
                ], 
                "cv[1][1]": [
                    -0.0838044001320534, 
                    19.72158945450016, 
                    -0.9137788369682162
                ], 
                "cv[9][0]": [
                    0.08380440013205338, 
                    21.050256014298675, 
                    -0.5678658014014399
                ], 
                "cv[4][0]": [
                    0.0838044001320534, 
                    20.219840113715215, 
                    -0.7840617268799401
                ], 
                "cv[2][1]": [
                    -0.0838044001320534, 
                    19.887675376705722, 
                    -0.8705405998273495
                ], 
                "cv[7][0]": [
                    0.0838044001320534, 
                    20.718089190940617, 
                    -0.6543433064963743
                ], 
                "cv[1][0]": [
                    0.0838044001320534, 
                    19.72158945450016, 
                    -0.9137788369682162
                ], 
                "cv[5][0]": [
                    0.0838044001320534, 
                    20.38592443133207, 
                    -0.7408220843830612
                ], 
                "cv[8][1]": [
                    -0.0838044001320534, 
                    20.884173880161196, 
                    -0.6111035418779822
                ], 
                "cv[3][0]": [
                    0.0838044001320534, 
                    20.053757932050065, 
                    -0.8273011445790511
                ], 
                "cv[6][0]": [
                    0.0838044001320534, 
                    20.552004863534034, 
                    -0.6975829970198186
                ], 
                "cv[10][1]": [
                    -0.08380440013205338, 
                    21.216344125079775, 
                    -0.5246310694417984
                ], 
                "cv[0][0]": [
                    0.08380440013205337, 
                    19.555495443686244, 
                    -0.9570158810778837
                ]
            }
        }
    ]
}