{
    "surfaces_list": [
        {
            "surface_name": "L_eyebrow_srf", 
            "surface_shape": "L_eyebrow_srfShape", 
            "range_u": {
                "max": 1.0, 
                "min": 0.0
            }, 
            "range_v": {
                "max": 1.0, 
                "min": 0.0
            }, 
            "curve_u": {
                "shape_name": "crv_shape", 
                "parent_name": "tmp_ctrl", 
                "degree": 2, 
                "knots": [], 
                "form": 0, 
                "spans": 16, 
                "cvs": [], 
                "ove": false, 
                "override_rgb": false, 
                "index_color": 20, 
                "rgb_color": [
                    1.0, 
                    1.0, 
                    1.0
                ]
            }, 
            "curve_v": {
                "shape_name": "crv_shape", 
                "parent_name": "tmp_ctrl", 
                "degree": 1, 
                "knots": [], 
                "form": 0, 
                "spans": 1, 
                "cvs": [], 
                "ove": false, 
                "override_rgb": false, 
                "index_color": 20, 
                "rgb_color": [
                    1.0, 
                    1.0, 
                    1.0
                ]
            }, 
            "cvs_dict": {
                "cv[11][0]": [
                    0.6549230217933655, 
                    21.689645767211914, 
                    0.9341790080070496
                ], 
                "cv[9][1]": [
                    0.5078979730606079, 
                    21.581256866455078, 
                    0.9404060244560242
                ], 
                "cv[15][0]": [
                    0.7971199750900269, 
                    21.61066246032715, 
                    0.7415379881858826
                ], 
                "cv[17][1]": [
                    0.7323709726333618, 
                    21.476612091064453, 
                    0.7439690232276917
                ], 
                "cv[2][0]": [
                    0.20717500150203705, 
                    21.61463737487793, 
                    1.0254460573196411
                ], 
                "cv[4][1]": [
                    0.29652100801467896, 
                    21.54793357849121, 
                    0.9808539748191833
                ], 
                "cv[11][1]": [
                    0.5886549949645996, 
                    21.57052993774414, 
                    0.9099699854850769
                ], 
                "cv[13][0]": [
                    0.7412989735603333, 
                    21.654489517211914, 
                    0.8424720168113708
                ], 
                "cv[7][1]": [
                    0.4174169898033142, 
                    21.572385787963867, 
                    0.9611610174179077
                ], 
                "cv[5][1]": [
                    0.3353320062160492, 
                    21.559267044067383, 
                    0.9769369959831238
                ], 
                "cv[3][1]": [
                    0.2553960084915161, 
                    21.53394317626953, 
                    0.9781759977340698
                ], 
                "cv[10][0]": [
                    0.5984269976615906, 
                    21.70087432861328, 
                    0.9689139723777771
                ], 
                "cv[8][0]": [
                    0.45965901017189026, 
                    21.688217163085938, 
                    0.9880769848823547
                ], 
                "cv[14][0]": [
                    0.7734349966049194, 
                    21.635404586791992, 
                    0.7903100252151489
                ], 
                "cv[6][1]": [
                    0.37547600269317627, 
                    21.566865921020508, 
                    0.9700480103492737
                ], 
                "cv[12][0]": [
                    0.7029190063476562, 
                    21.674983978271484, 
                    0.8917049765586853
                ], 
                "cv[16][0]": [
                    0.8173030018806458, 
                    21.582475662231445, 
                    0.7012829780578613
                ], 
                "cv[0][1]": [
                    0.12313999980688095, 
                    21.51286506652832, 
                    0.9457600116729736
                ], 
                "cv[1][1]": [
                    0.15994800627231598, 
                    21.519386291503906, 
                    0.939158022403717
                ], 
                "cv[9][0]": [
                    0.5176849961280823, 
                    21.706697463989258, 
                    0.9845290184020996
                ], 
                "cv[4][0]": [
                    0.29467999935150146, 
                    21.640125274658203, 
                    1.0315279960632324
                ], 
                "cv[15][1]": [
                    0.6998670101165771, 
                    21.510616302490234, 
                    0.8004729747772217
                ], 
                "cv[2][1]": [
                    0.20845599472522736, 
                    21.53178596496582, 
                    0.9593549966812134
                ], 
                "cv[7][0]": [
                    0.4165720045566559, 
                    21.677453994750977, 
                    0.9956870079040527
                ], 
                "cv[13][1]": [
                    0.6551600098609924, 
                    21.545917510986328, 
                    0.8602669835090637
                ], 
                "cv[17][0]": [
                    0.8288879990577698, 
                    21.551759719848633, 
                    0.6586490273475647
                ], 
                "cv[1][0]": [
                    0.16777899861335754, 
                    21.607540130615234, 
                    1.0179740190505981
                ], 
                "cv[5][0]": [
                    0.3379589915275574, 
                    21.655107498168945, 
                    1.0198270082473755
                ], 
                "cv[8][1]": [
                    0.4619480073451996, 
                    21.580720901489258, 
                    0.9482790231704712
                ], 
                "cv[3][0]": [
                    0.2486030012369156, 
                    21.624263763427734, 
                    1.034680962562561
                ], 
                "cv[6][0]": [
                    0.3783630132675171, 
                    21.66779899597168, 
                    1.0063519477844238
                ], 
                "cv[14][1]": [
                    0.6795009970664978, 
                    21.5290470123291, 
                    0.8298879861831665
                ], 
                "cv[12][1]": [
                    0.6246039867401123, 
                    21.56049919128418, 
                    0.8890330195426941
                ], 
                "cv[16][1]": [
                    0.7176780104637146, 
                    21.494155883789062, 
                    0.7708740234375
                ], 
                "cv[10][1]": [
                    0.5499910116195679, 
                    21.57850456237793, 
                    0.9285889863967896
                ], 
                "cv[0][0]": [
                    0.13367600739002228, 
                    21.604032516479492, 
                    1.0106899738311768
                ]
            }
        }
    ]
}