{
    "surfaces_list": [
        {
            "surface_name": "strip_02_srf", 
            "surface_shape": "strip_02_srfShape", 
            "range_u": {
                "max": 1.0, 
                "min": 0.0
            }, 
            "range_v": {
                "max": 1.0, 
                "min": 0.0
            }, 
            "curve_u": {
                "shape_name": "crv_shape", 
                "parent_name": "tmp_ctrl", 
                "degree": 2, 
                "knots": [], 
                "form": 0, 
                "spans": 16, 
                "cvs": [], 
                "ove": false, 
                "override_rgb": false, 
                "index_color": 20, 
                "rgb_color": [
                    1.0, 
                    1.0, 
                    1.0
                ]
            }, 
            "curve_v": {
                "shape_name": "crv_shape", 
                "parent_name": "tmp_ctrl", 
                "degree": 1, 
                "knots": [], 
                "form": 0, 
                "spans": 1, 
                "cvs": [], 
                "ove": false, 
                "override_rgb": false, 
                "index_color": 20, 
                "rgb_color": [
                    1.0, 
                    1.0, 
                    1.0
                ]
            }, 
            "cvs_dict": {
                "cv[11][0]": [
                    1.8349675269145298, 
                    16.87175782738596, 
                    1.5436361726504242
                ], 
                "cv[9][1]": [
                    2.1594972640957693, 
                    15.817914761127682, 
                    0.6202676649586988
                ], 
                "cv[15][0]": [
                    0.027967634611661095, 
                    18.34566827863416, 
                    1.82753804044042
                ], 
                "cv[17][1]": [
                    -1.1545717553652948, 
                    18.52401562429283, 
                    1.5762735923631646
                ], 
                "cv[2][0]": [
                    1.7802532270457516, 
                    17.53357248394159, 
                    -2.905916483858571
                ], 
                "cv[4][1]": [
                    2.1493035970687253, 
                    16.261660098502087, 
                    -2.2658986993273893
                ], 
                "cv[11][1]": [
                    1.5202386373767438, 
                    16.36874880191484, 
                    1.5314734315409773
                ], 
                "cv[13][0]": [
                    0.9710284492066698, 
                    17.589459991381613, 
                    1.9338862833849788
                ], 
                "cv[7][1]": [
                    2.5909837058730987, 
                    15.439507779096619, 
                    -0.5454776886526284
                ], 
                "cv[5][1]": [
                    2.389556145302177, 
                    15.928740500313515, 
                    -1.7580590226119075
                ], 
                "cv[3][1]": [
                    1.894338204121097, 
                    16.59835843480832, 
                    -2.7739888922488642
                ], 
                "cv[10][0]": [
                    2.2540696904478414, 
                    16.51432428607298, 
                    1.2557487059732064
                ], 
                "cv[8][0]": [
                    2.58342234712771, 
                    16.181092195620117, 
                    0.10683852454666432
                ], 
                "cv[14][0]": [
                    0.48844569872511245, 
                    17.97464998280175, 
                    1.9730660803662325
                ], 
                "cv[6][1]": [
                    2.471137135515364, 
                    15.714662724443844, 
                    -1.154593134715392
                ], 
                "cv[12][0]": [
                    1.439591222648047, 
                    17.21125171527236, 
                    1.8746084026028693
                ], 
                "cv[16][0]": [
                    -0.43448220597124704, 
                    18.71754988351834, 
                    1.6699477364393815
                ], 
                "cv[0][1]": [
                    0.8316580288883567, 
                    17.76343923918225, 
                    -3.103126665527746
                ], 
                "cv[1][1]": [
                    1.0519396431198436, 
                    17.525144075850218, 
                    -3.0843215060959865
                ], 
                "cv[9][0]": [
                    2.39276483441741, 
                    16.37270050782146, 
                    0.6632047574795622
                ], 
                "cv[4][0]": [
                    2.2824512893087174, 
                    16.826495289000547, 
                    -2.0766499082176177
                ], 
                "cv[15][1]": [
                    -0.4137578903846949, 
                    17.927879319816324, 
                    1.8022603513444013
                ], 
                "cv[2][1]": [
                    1.4914450490361386, 
                    17.0487166263886, 
                    -3.011894491830953
                ], 
                "cv[7][0]": [
                    2.733751652240612, 
                    16.03824682046823, 
                    -0.45837828185193563
                ], 
                "cv[13][1]": [
                    0.5978300885541968, 
                    17.127905288197326, 
                    1.9140424718881919
                ], 
                "cv[17][0]": [
                    -0.6653881011529865, 
                    18.903404172963565, 
                    1.5955131867036723
                ], 
                "cv[1][0]": [
                    1.3800673321284125, 
                    17.986428903845745, 
                    -2.9674095539864314
                ], 
                "cv[5][0]": [
                    2.4375493252459726, 
                    16.526779297410467, 
                    -1.56517457750134
                ], 
                "cv[8][1]": [
                    2.3859031543470315, 
                    15.616732956596682, 
                    0.04075120761784792
                ], 
                "cv[3][0]": [
                    2.10653077533274, 
                    17.11191841687399, 
                    -2.597652395066411
                ], 
                "cv[6][0]": [
                    2.5590672171178994, 
                    16.314752264017024, 
                    -1.0097937089589146
                ], 
                "cv[14][1]": [
                    0.07931955086641841, 
                    17.53086036456318, 
                    1.9353438483249363
                ], 
                "cv[12][1]": [
                    1.1035882197631883, 
                    16.728095913793528, 
                    1.8875185792731828
                ], 
                "cv[16][1]": [
                    -0.9077137851610303, 
                    18.325352775757192, 
                    1.6474719099740271
                ], 
                "cv[10][1]": [
                    1.9682373999173293, 
                    15.98438593119292, 
                    1.2297942351697935
                ], 
                "cv[0][0]": [
                    1.1706343885154826, 
                    18.213549227892962, 
                    -2.9603359489646874
                ]
            }
        }
    ]
}