{
    "surfaces_list": [
        {
            "surface_name": "strip_01_srf", 
            "surface_shape": "strip_01_srfShape", 
            "range_u": {
                "max": 1.0, 
                "min": 0.0
            }, 
            "range_v": {
                "max": 1.0, 
                "min": 0.0
            }, 
            "curve_u": {
                "shape_name": "crv_shape", 
                "parent_name": "tmp_ctrl", 
                "degree": 2, 
                "knots": [], 
                "form": 0, 
                "spans": 16, 
                "cvs": [], 
                "ove": false, 
                "override_rgb": false, 
                "index_color": 20, 
                "rgb_color": [
                    1.0, 
                    1.0, 
                    1.0
                ]
            }, 
            "curve_v": {
                "shape_name": "crv_shape", 
                "parent_name": "tmp_ctrl", 
                "degree": 1, 
                "knots": [], 
                "form": 0, 
                "spans": 1, 
                "cvs": [], 
                "ove": false, 
                "override_rgb": false, 
                "index_color": 20, 
                "rgb_color": [
                    1.0, 
                    1.0, 
                    1.0
                ]
            }, 
            "cvs_dict": {
                "cv[11][0]": [
                    -2.5574482458396317, 
                    16.070916033921776, 
                    -0.984347155354993
                ], 
                "cv[9][1]": [
                    -2.1751002951672853, 
                    15.444380204157085, 
                    0.3310035142642432
                ], 
                "cv[15][0]": [
                    -1.7853596833566012, 
                    17.21466859793275, 
                    -3.0921134384068996
                ], 
                "cv[17][1]": [
                    -0.7510043425083474, 
                    17.4923447117268, 
                    -3.2682433858310675
                ], 
                "cv[2][0]": [
                    0.28892844198732087, 
                    18.351979027723775, 
                    1.9790310972177125
                ], 
                "cv[4][1]": [
                    -0.22772419229879967, 
                    17.060185705292465, 
                    2.0525207887829557
                ], 
                "cv[11][1]": [
                    -2.2272681234830705, 
                    15.53724498702507, 
                    -0.9541195223314062
                ], 
                "cv[13][0]": [
                    -2.3371570019234533, 
                    16.509641682492685, 
                    -2.1839947022659834
                ], 
                "cv[7][1]": [
                    -1.6515175222891363, 
                    15.860418221230649, 
                    1.4624401451876554
                ], 
                "cv[5][1]": [
                    -0.7416014142470012, 
                    16.6366227956165, 
                    1.9858849894429436
                ], 
                "cv[3][1]": [
                    0.23833456051807284, 
                    17.52273470137075, 
                    1.9836212086457772
                ], 
                "cv[10][0]": [
                    -2.589636115845859, 
                    15.910597142062063, 
                    -0.340587658386502
                ], 
                "cv[8][0]": [
                    -2.2433926693021347, 
                    16.17067155255355, 
                    0.8783403356956916
                ], 
                "cv[14][0]": [
                    -2.124260064632966, 
                    16.782889179104718, 
                    -2.7119004367092723
                ], 
                "cv[6][1]": [
                    -1.2143641147672202, 
                    16.212565125993454, 
                    1.8379465963669817
                ], 
                "cv[12][0]": [
                    -2.474343614595789, 
                    16.28224914116136, 
                    -1.5807399739714116
                ], 
                "cv[16][0]": [
                    -1.3586383804509399, 
                    17.681342477322943, 
                    -3.155236988828422
                ], 
                "cv[0][1]": [
                    1.2973220539885966, 
                    18.630366211072264, 
                    1.4351827414833815
                ], 
                "cv[1][1]": [
                    1.0953846522431154, 
                    18.415131563691126, 
                    1.582691554912702
                ], 
                "cv[9][0]": [
                    -2.4296637473875586, 
                    16.01521291830181, 
                    0.2640792052783679
                ], 
                "cv[4][0]": [
                    -0.6514984230543889, 
                    17.468057171745684, 
                    2.1501053409080324
                ], 
                "cv[15][1]": [
                    -1.351100570776345, 
                    16.74265043896852, 
                    -3.035281662978519
                ], 
                "cv[2][1]": [
                    0.7019602809947311, 
                    17.996551504943263, 
                    1.9224432744434878
                ], 
                "cv[7][0]": [
                    -2.022998040741322, 
                    16.34668233614104, 
                    1.447403650378206
                ], 
                "cv[13][1]": [
                    -1.9680633278744548, 
                    15.999829301771916, 
                    -2.169257780967926
                ], 
                "cv[17][0]": [
                    -1.1384253400418758, 
                    17.92449755512491, 
                    -3.188096164381849
                ], 
                "cv[1][0]": [
                    0.6082807648460058, 
                    18.76492406708725, 
                    1.5767122645470324
                ], 
                "cv[5][0]": [
                    -1.1258282226944645, 
                    17.037988239648296, 
                    2.0814397029370277
                ], 
                "cv[8][1]": [
                    -1.960825176146051, 
                    15.612624946212076, 
                    0.9457467196001976
                ], 
                "cv[3][0]": [
                    -0.18975369500191203, 
                    17.915344862508675, 
                    2.0426511930196347
                ], 
                "cv[6][0]": [
                    -1.6004567999144876, 
                    16.682207503504547, 
                    1.8291422164115727
                ], 
                "cv[14][1]": [
                    -1.730841892319204, 
                    16.29853824691493, 
                    -2.693724182657062
                ], 
                "cv[12][1]": [
                    -2.1246374604473304, 
                    15.755056350708758, 
                    -1.563468631725724
                ], 
                "cv[16][1]": [
                    -0.9551272211637664, 
                    17.237984386703772, 
                    -3.1919762468668313
                ], 
                "cv[10][1]": [
                    -2.297581671268007, 
                    15.369789849603631, 
                    -0.30560607737275847
                ], 
                "cv[0][0]": [
                    0.7821891122586382, 
                    18.972763165348905, 
                    1.4044773772665293
                ]
            }
        }
    ]
}