{
    "surfaces_list": [
        {
            "surface_name": "belt_srf", 
            "surface_shape": "belt_srfShape", 
            "range_u": {
                "max": 1.0, 
                "min": 0.0
            }, 
            "range_v": {
                "max": 1.0, 
                "min": 0.0
            }, 
            "curve_u": {
                "shape_name": "crv_shape", 
                "parent_name": "tmp_ctrl", 
                "degree": 2, 
                "knots": [], 
                "form": 0, 
                "spans": 19, 
                "cvs": [], 
                "ove": false, 
                "override_rgb": false, 
                "index_color": 20, 
                "rgb_color": [
                    1.0, 
                    1.0, 
                    1.0
                ]
            }, 
            "curve_v": {
                "shape_name": "crv_shape", 
                "parent_name": "tmp_ctrl", 
                "degree": 1, 
                "knots": [], 
                "form": 0, 
                "spans": 1, 
                "cvs": [], 
                "ove": false, 
                "override_rgb": false, 
                "index_color": 20, 
                "rgb_color": [
                    1.0, 
                    1.0, 
                    1.0
                ]
            }, 
            "cvs_dict": {
                "cv[11][0]": [
                    0.7864186719833065, 
                    14.43973344382043, 
                    1.9493984802258533
                ], 
                "cv[9][1]": [
                    -0.7703611817693243, 
                    13.967606092720898, 
                    1.9043973298991457
                ], 
                "cv[15][0]": [
                    2.488924879386288, 
                    14.715300434127538, 
                    -0.2950444022594849
                ], 
                "cv[17][1]": [
                    2.12052533266988, 
                    14.403585478693195, 
                    -1.8022396239548346
                ], 
                "cv[2][0]": [
                    -1.5312608016571516, 
                    14.924548993639597, 
                    -2.2439473978032862
                ], 
                "cv[4][1]": [
                    -2.514261908248935, 
                    14.324167861400833, 
                    -1.069864690913015
                ], 
                "cv[18][1]": [
                    1.5303397475240872, 
                    14.453171688856608, 
                    -2.3152651207150896
                ], 
                "cv[11][1]": [
                    0.8027938751451638, 
                    13.970270025036031, 
                    1.896210929014575
                ], 
                "cv[13][0]": [
                    2.0840391268665037, 
                    14.549791809399089, 
                    1.1525533981838068
                ], 
                "cv[7][1]": [
                    -2.136036399470343, 
                    14.071580438542643, 
                    1.1557779674398758
                ], 
                "cv[20][0]": [
                    0.0407148115336895, 
                    14.969602584838867, 
                    -2.79669189453125
                ], 
                "cv[5][1]": [
                    -2.6073294594617478, 
                    14.237182442860892, 
                    -0.2955440214373937
                ], 
                "cv[3][1]": [
                    -2.1563503299463185, 
                    14.400303808286797, 
                    -1.7709113949178859
                ], 
                "cv[10][0]": [
                    0.020019076213615143, 
                    14.411034963809009, 
                    2.0362915105671795
                ], 
                "cv[8][0]": [
                    -1.463803435282983, 
                    14.48330934254594, 
                    1.6795028254033566
                ], 
                "cv[14][0]": [
                    2.412884739601366, 
                    14.62843602995732, 
                    0.46833478630463876
                ], 
                "cv[6][1]": [
                    -2.5175509048988864, 
                    14.148332271397617, 
                    0.4891091596484294
                ], 
                "cv[18][0]": [
                    1.479268711724914, 
                    14.930131014656999, 
                    -2.2704471670623354
                ], 
                "cv[12][0]": [
                    1.4963365596662024, 
                    14.487493832681517, 
                    1.6547242322436317
                ], 
                "cv[16][0]": [
                    2.3775948256814337, 
                    14.799011062786237, 
                    -1.0530431072474402
                ], 
                "cv[0][1]": [
                    -0.07925663888454437, 
                    14.487748146057129, 
                    -2.7595996856689453
                ], 
                "cv[1][1]": [
                    -0.8502655067927957, 
                    14.480262621837054, 
                    -2.6173966990238444
                ], 
                "cv[19][1]": [
                    0.7930842395769737, 
                    14.492424458403177, 
                    -2.6297163189569406
                ], 
                "cv[9][0]": [
                    -0.7486646109109237, 
                    14.43671714503672, 
                    1.9598028641024465
                ], 
                "cv[4][0]": [
                    -2.3970483716492983, 
                    14.79381827857458, 
                    -1.0050579148386187
                ], 
                "cv[15][1]": [
                    2.6063150062126597, 
                    14.242446888540005, 
                    -0.33765819236871847
                ], 
                "cv[2][1]": [
                    -1.582539906016065, 
                    14.454063024944325, 
                    -2.297727360842007
                ], 
                "cv[7][0]": [
                    -2.057979839925512, 
                    14.545512260018722, 
                    1.1840077670458542
                ], 
                "cv[13][1]": [
                    2.1582577648638845, 
                    14.074799067719999, 
                    1.1310168877454223
                ], 
                "cv[17][0]": [
                    2.0313989382361615, 
                    14.872914990957575, 
                    -1.7398438678672137
                ], 
                "cv[1][0]": [
                    -0.8363859203419354, 
                    14.95541464446667, 
                    -2.5862798845403163
                ], 
                "cv[5][0]": [
                    -2.4914765904975007, 
                    14.708897819375522, 
                    -0.24440369832568337
                ], 
                "cv[8][1]": [
                    -1.5094529342164074, 
                    14.011313550799294, 
                    1.6425880455584798
                ], 
                "cv[3][0]": [
                    -2.0720062717316687, 
                    14.86837007842589, 
                    -1.7017611158211443
                ], 
                "cv[6][0]": [
                    -2.4210974778969687, 
                    14.622249934144044, 
                    0.5216254473505245
                ], 
                "cv[14][1]": [
                    2.509264064530869, 
                    14.153933325885781, 
                    0.4411458363481668
                ], 
                "cv[12][1]": [
                    1.537438248932725, 
                    14.0146815465578, 
                    1.6234025767316305
                ], 
                "cv[16][1]": [
                    2.494630352123149, 
                    14.328862509610293, 
                    -1.1110979700619916
                ],