{
    "surfaces_list": [
        {
            "surface_name": "L_up_squint_srf", 
            "surface_shape": "L_up_squint_srfShape", 
            "range_u": {
                "max": 1.0, 
                "min": 0.0
            }, 
            "range_v": {
                "max": 1.0, 
                "min": 0.0
            }, 
            "curve_u": {
                "shape_name": "crv_shape", 
                "parent_name": "tmp_ctrl", 
                "degree": 2, 
                "knots": [], 
                "form": 0, 
                "spans": 21, 
                "cvs": [], 
                "ove": false, 
                "override_rgb": false, 
                "index_color": 20, 
                "rgb_color": [
                    1.0, 
                    1.0, 
                    1.0
                ]
            }, 
            "curve_v": {
                "shape_name": "crv_shape", 
                "parent_name": "tmp_ctrl", 
                "degree": 1, 
                "knots": [], 
                "form": 0, 
                "spans": 1, 
                "cvs": [], 
                "ove": false, 
                "override_rgb": false, 
                "index_color": 20, 
                "rgb_color": [
                    1.0, 
                    1.0, 
                    1.0
                ]
            }, 
            "cvs_dict": {
                "cv[11][0]": [
                    0.42388299107551575, 
                    21.531631469726562, 
                    0.9022700190544128
                ], 
                "cv[9][1]": [
                    0.36507800221443176, 
                    21.523860931396484, 
                    0.9207350015640259
                ], 
                "cv[15][0]": [
                    0.5457090139389038, 
                    21.496540069580078, 
                    0.8634520173072815
                ], 
                "cv[17][1]": [
                    0.5994330048561096, 
                    21.472131729125977, 
                    0.8299930095672607
                ], 
                "cv[2][0]": [
                    0.17419199645519257, 
                    21.45672035217285, 
                    0.8745390176773071
                ], 
                "cv[4][1]": [
                    0.1954520046710968, 
                    21.485435485839844, 
                    0.8971779942512512
                ], 
                "cv[18][1]": [
                    0.6162469983100891, 
                    21.462688446044922, 
                    0.8116580247879028
                ], 
                "cv[11][1]": [
                    0.43521198630332947, 
                    21.523902893066406, 
                    0.9113019704818726
                ], 
                "cv[22][0]": [
                    0.6336529850959778, 
                    21.43351936340332, 
                    0.7671329975128174
                ], 
                "cv[13][0]": [
                    0.49093300104141235, 
                    21.517854690551758, 
                    0.8896700143814087
                ], 
                "cv[7][1]": [
                    0.29439398646354675, 
                    21.513595581054688, 
                    0.9241219758987427
                ], 
                "cv[20][0]": [
                    0.6262770295143127, 
                    21.445207595825195, 
                    0.7855759859085083
                ], 
                "cv[5][1]": [
                    0.22738899290561676, 
                    21.494110107421875, 
                    0.9073100090026855
                ], 
                "cv[3][1]": [
                    0.17701999843120575, 
                    21.47458839416504, 
                    0.8901979923248291
                ], 
                "cv[10][0]": [
                    0.38935500383377075, 
                    21.52821159362793, 
                    0.9083160161972046
                ], 
                "cv[8][0]": [
                    0.32179000973701477, 
                    21.518558502197266, 
                    0.9136450290679932
                ], 
                "cv[14][0]": [
                    0.5203999876976013, 
                    21.506973266601562, 
                    0.87534499168396
                ], 
                "cv[6][1]": [
                    0.2607190012931824, 
                    21.503141403198242, 
                    0.9174630045890808
                ], 
                "cv[18][0]": [
                    0.601061999797821, 
                    21.461519241333008, 
                    0.8098139762878418
                ], 
                "cv[12][0]": [
                    0.4581030011177063, 
                    21.527334213256836, 
                    0.8966749906539917
                ], 
                "cv[16][0]": [
                    0.5659760236740112, 
                    21.484996795654297, 
                    0.844635009765625
                ], 
                "cv[0][1]": [
                    0.15531599521636963, 
                    21.393213272094727, 
                    0.8592309951782227
                ], 
                "cv[1][1]": [
                    0.14908699691295624, 
                    21.424026489257812, 
                    0.8623960018157959
                ], 
                "cv[19][1]": [
                    0.6306840181350708, 
                    21.45337677001953, 
                    0.7945950031280518
                ], 
                "cv[9][0]": [
                    0.3562380075454712, 
                    21.525197982788086, 
                    0.910938024520874
                ], 
                "cv[4][0]": [
                    0.19953900575637817, 
                    21.481197357177734, 
                    0.891867995262146
                ], 
                "cv[15][1]": [
                    0.5592899918556213, 
                    21.494962692260742, 
                    0.8673930168151855
                ], 
                "cv[2][1]": [
                    0.15953999757766724, 
                    21.452219009399414, 
                    0.8753640055656433
                ], 
                "cv[7][0]": [
                    0.2879520058631897, 
                    21.50889778137207, 
                    0.9117410182952881
                ], 
                "cv[13][1]": [
                    0.5032939910888672, 
                    21.51233673095703, 
                    0.8961169719696045
                ], 
                "cv[21][1]": [
                    0.6471959948539734, 
                    21.437480926513672, 
                    0.7721940279006958
                ], 
                "cv[21][0]": [
                    0.6326310038566589, 
                    21.439435958862305, 
                    0.7775959968566895
                ], 
                "cv[17][0]": [
                    0.5846869945526123, 
                    21.472524642944336, 
                    0.8253080248832703
                ], 
                "cv[1][0]": [
                    0.1646769940853119, 
                    21.430322647094727, 
                    0.8615090250968933
                ], 
                "cv[5][0]": [
                    0.22649699449539185, 
                    21.48841094970703, 
                    0.8985459804534912
                ], 
                "cv[8][1]": [
                    0.3298780024051666, 
                    21.519485473632812, 
                    0.9244970083236694
                ], 
                "cv[3][0]": [
                    0.1844169944524765, 
                    21.47548484802246, 
                    0.8895329833030701
                ], 
                "cv[6][0]": [
                    0.2569339871406555, 
                    21.498199462890625, 
                    0.9074209928512573
                ],