{
    "L_lower_lip_ctrl": {
        "translation": [
            1.6076415317012545, 
            160.84673593003433, 
            23.73430447944471
        ], 
        "rotation": [
            0.0, 
            0.0, 
            0.0
        ], 
        "scale": [
            1.476967544984478, 
            1.1446498273020653, 
            1.476967544984478
        ], 
        "children": []
    }, 
    "R_lower_lip_ctrl": {
        "translation": [
            -1.607641531701252, 
            160.84673593003433, 
            23.73430447944471
        ], 
        "rotation": [
            0.0, 
            180.0, 
            0.0
        ], 
        "scale": [
            1.476967544984478, 
            1.1446498273020653, 
            -1.476967544984478
        ], 
        "children": []
    }, 
    "R_brow_in_ctrl": {
        "translation": [
            -3.434968695557207, 
            179.30924936026875, 
            14.298813264822734
        ], 
        "rotation": [
            0.0, 
            180.0, 
            0.0
        ], 
        "scale": [
            1.4769675449844784, 
            1.1446498273020655, 
            -1.4769675449844784
        ], 
        "children": []
    }, 
    "C_lower_lip_ctrl": {
        "translation": [
            -7.072087239388967e-15, 
            160.88337630118087, 
            23.73430447944471
        ], 
        "rotation": [
            0.0, 
            0.0, 
            0.0
        ], 
        "scale": [
            1.476967544984478, 
            1.1446498273020653, 
            1.476967544984478
        ], 
        "children": []
    }, 
    "L_cheek_ctrl": {
        "translation": [
            16.550698584743582, 
            160.4289420717337, 
            4.767200000251921
        ], 
        "rotation": [
            0.0, 
            -27.680695735205664, 
            0.0
        ], 
        "scale": [
            1.4769675449844784, 
            1.1446498273020655, 
            1.4769675449844784
        ], 
        "children": []
    }, 
    "L_mouth_ctrl": {
        "translation": [
            7.844577336506785, 
            161.382195646831, 
            12.740400494618584
        ], 
        "rotation": [
            0.0, 
            34.78666347857922, 
            0.0
        ], 
        "scale": [
            1.4769675449844784, 
            1.1446498273020655, 
            1.4769675449844784
        ], 
        "children": []
    }, 
    "C_brow_ctrl": {
        "translation": [
            0.0, 
            179.7739664311156, 
            16.83554859341546
        ], 
        "rotation": [
            0.0, 
            0.0, 
            0.0
        ], 
        "scale": [
            1.4769675449844784, 
            1.1446498273020655, 
            1.4769675449844784
        ], 
        "children": []
    }, 
    "L_upper_lip_ctrl": {
        "translation": [
            1.5693499054025102, 
            161.93046214567173, 
            23.73430447944471
        ], 
        "rotation": [
            0.0, 
            0.0, 
            0.0
        ], 
        "scale": [
            1.476967544984478, 
            1.1446498273020653, 
            1.476967544984478
        ], 
        "children": []
    }, 
    "L_brow_in_ctrl": {
        "translation": [
            3.4349686955572087, 
            179.30924936026875, 
            14.298813264822734
        ], 
        "rotation": [
            0.0, 
            0.0, 
            0.0
        ], 
        "scale": [
            1.4769675449844784, 
            1.1446498273020655, 
            1.4769675449844784
        ], 
        "children": []
    }, 
    "R_mouth_ctrl": {
        "translation": [
            -7.844577336506785, 
            161.382195646831, 
            12.74040049461858
        ], 
        "rotation": [
            0.0, 
            145.21333652142079, 
            0.0
        ], 
        "scale": [
            1.4769675449844766, 
            1.1446498273020655, 
            -1.4769675449844766
        ], 
        "children": []
    }, 
    "L_brow_out_ctrl": {
        "translation": [
            10.976987821887434, 
            177.38823056775627, 
            5.217390712217261
        ], 
        "rotation": [
            0.0, 
            0.0, 
            0.0
        ], 
        "scale": [
            1.4769675449844784, 
            1.1446498273020655, 
            1.4769675449844784
        ], 
        "children": []
    }, 
    "C_mouth_ctrl": {
        "translation": [
            3.8883608521208786e-16, 
            161.47163358265024, 
            23.73430447944471
        ], 
        "rotation": [
            0.0, 
            0.0, 
            0.0
        ], 
        "scale": [
            1.4769675449844784, 
            1.1446498273020655, 
            1.4769675449844784
        ], 
        "children": [
            "C_upper_lip_grp", 
            "R_upper_lip_grp", 
            "R_lower_lip_grp", 
            "L_lower_lip_grp", 
            "C_lower_lip_grp", 
            "L_upper_lip_grp"
        ]
    }, 
    "R_sneer_ctrl": {
        "translation": [
            -5.335724261459407, 
            165.07044765639455, 
            14.33676636340824
        ], 
        "rotation": [
            0.0, 
            180.0, 
            0.0
        ], 
        "scale": [
            1.4769675449844784, 
            1.1446498273020655, 
            -1.4769675449844784
        ], 
        "children": []
    }, 
    "R_upper_lip_ctrl": {
        "translation": [
            -1.5693499054025077, 
            161.93046214567173, 
            23.73430447944471
        ], 
        "rotation": [
            0.0, 
            180.0, 
            0.0
        ], 
        "scale": [
            1.476967544984478, 
            1.1446498273020653, 
            -1.476967544984478
        ], 
        "children": []
    }, 
    "L_sneer_ctrl": {
        "translation": [
            5.335724261459409, 
            165.07044765639455, 
            14.33676636340824
        ], 
        "rotation": [
            0.0, 
            0.0, 
            0.0
        ], 
        "scale": [
            1.4769675449844784, 
            1.1446498273020655, 
            1.4769675449844784
        ], 
        "children": []
    }, 
    "R_brow_mid_ctrl": {
        "translation": [
            -7.1466171531507, 
            179.7739664311156, 
            14.742766092457607
        ], 
        "rotation": [
            0.0, 
            180.0, 
            0.0
        ], 
        "scale": [
            1.4769675449844784, 
            1.1446498273020655, 
            -1.4769675449844784
        ], 
        "children": []
    }, 
    "R_masseter_ctrl": {
        "translation": [
            -14.396506406061564, 
            158.17656007853344, 
            -2.636124761337978
        ], 
        "rotation": [
            0.0, 
            180.0, 
            0.0
        ], 
        "scale": [
            1.4769675449844784, 
            1.1446498273020655, 
            -1.4769675449844784
        ], 
        "children": []
    }, 
    "L_brow_mid_ctrl": {
        "translation": [
            7.146617153150702, 
            179.7739664311156, 
            14.742766092457607
        ], 
        "rotation": [
            0.0, 
            0.0, 
            0.0
        ], 
        "scale": [
            1.4769675449844784, 
            1.1446498273020655, 
            1.4769675449844784
        ], 
        "children": []
    }, 
    "R_cheek_ctrl": {
        "translation": [
            -16.550698584743586, 
            160.4289420717337, 
            4.767200000251919
        ], 
        "rotation": [
            0.0, 
            207.68069573520566, 
            0.0
        ], 
        "scale": [
            1.4769675449844781, 
            1.1446498273020655, 
            -1.4769675449844781
        ], 
        "children": []
    },