{
    "L_lower_lip_ctrl": {
        "translation": [
            0.16527159633733104, 
            20.394630190406346, 
            2.439975773158258
        ], 
        "rotation": [
            0.0, 
            0.0, 
            0.0
        ], 
        "scale": [
            0.15183781899419996, 
            0.11767430765816847, 
            0.15183781899419996
        ], 
        "children": []
    }, 
    "R_lower_lip_ctrl": {
        "translation": [
            -0.1652715963373308, 
            20.394630190406346, 
            2.439975773158258
        ], 
        "rotation": [
            0.0, 
            180.0, 
            0.0
        ], 
        "scale": [
            0.15183781899419996, 
            0.11767430765816847, 
            -0.15183781899419996
        ], 
        "children": []
    }, 
    "R_upper_lip_ctrl": {
        "translation": [
            -0.16133507312618375, 
            20.506041321631272, 
            2.439975773158258
        ], 
        "rotation": [
            0.0, 
            180.0, 
            0.0
        ], 
        "scale": [
            0.15183781899419996, 
            0.11767430765816847, 
            -0.15183781899419996
        ], 
        "children": []
    }, 
    "L_cheek_ctrl": {
        "translation": [
            1.70147406723434, 
            20.35167941031036, 
            0.49008609106235196
        ], 
        "rotation": [
            0.0, 
            -27.680695735205664, 
            0.0
        ], 
        "scale": [
            0.1518378189942, 
            0.1176743076581685, 
            0.1518378189942
        ], 
        "children": []
    }, 
    "L_mouth_ctrl": {
        "translation": [
            0.806452056276591, 
            20.449677463336446, 
            1.3097610917617302
        ], 
        "rotation": [
            0.0, 
            34.78666347857922, 
            0.0
        ], 
        "scale": [
            0.1518378189942, 
            0.1176743076581685, 
            0.1518378189942
        ], 
        "children": []
    }, 
    "R_sneer_ctrl": {
        "translation": [
            -0.5485325235247123, 
            20.82884364267114, 
            1.4738735075402027
        ], 
        "rotation": [
            0.0, 
            180.0, 
            0.0
        ], 
        "scale": [
            0.1518378189942, 
            0.1176743076581685, 
            -0.1518378189942
        ], 
        "children": []
    }, 
    "C_upper_lip_ctrl": {
        "translation": [
            -1.072613521251493e-15, 
            20.510998906460273, 
            2.439975773158258
        ], 
        "rotation": [
            0.0, 
            0.0, 
            0.0
        ], 
        "scale": [
            0.15183781899419996, 
            0.11767430765816847, 
            0.15183781899419996
        ], 
        "children": []
    }, 
    "L_upper_lip_ctrl": {
        "translation": [
            0.16133507312618398, 
            20.506041321631272, 
            2.439975773158258
        ], 
        "rotation": [
            0.0, 
            0.0, 
            0.0
        ], 
        "scale": [
            0.15183781899419996, 
            0.11767430765816847, 
            0.15183781899419996
        ], 
        "children": []
    }, 
    "R_brow_in_ctrl": {
        "translation": [
            -0.3531277019714334, 
            22.292646014733336, 
            1.4699717862512929
        ], 
        "rotation": [
            0.0, 
            180.0, 
            0.0
        ], 
        "scale": [
            0.1518378189942, 
            0.1176743076581685, 
            -0.1518378189942
        ], 
        "children": []
    }, 
    "L_sneer_ctrl": {
        "translation": [
            0.5485325235247125, 
            20.82884364267114, 
            1.4738735075402027
        ], 
        "rotation": [
            0.0, 
            0.0, 
            0.0
        ], 
        "scale": [
            0.1518378189942, 
            0.1176743076581685, 
            0.1518378189942
        ], 
        "children": []
    }, 
    "L_brow_in_ctrl": {
        "translation": [
            0.35312770197143356, 
            22.292646014733336, 
            1.4699717862512929
        ], 
        "rotation": [
            0.0, 
            0.0, 
            0.0
        ], 
        "scale": [
            0.1518378189942, 
            0.1176743076581685, 
            0.1518378189942
        ], 
        "children": []
    }, 
    "R_mouth_ctrl": {
        "translation": [
            -0.806452056276591, 
            20.44967746333645, 
            1.30976109176173
        ], 
        "rotation": [
            0.0, 
            145.21333652142079, 
            0.0
        ], 
        "scale": [
            0.1518378189941998, 
            0.1176743076581685, 
            -0.1518378189941998
        ], 
        "children": []
    }, 
    "L_brow_out_ctrl": {
        "translation": [
            1.1284756362190733, 
            22.095158057267735, 
            0.5363673895704933
        ], 
        "rotation": [
            0.0, 
            0.0, 
            0.0
        ], 
        "scale": [
            0.1518378189942, 
            0.1176743076581685, 
            0.1518378189942
        ], 
        "children": []
    }, 
    "L_masseter_ctrl": {
        "translation": [
            1.4800150086272812, 
            20.120126069446034, 
            -0.2710035408140069
        ], 
        "rotation": [
            0.0, 
            0.0, 
            0.0
        ], 
        "scale": [
            0.1518378189942, 
            0.1176743076581685, 
            0.1518378189942
        ], 
        "children": []
    }, 
    "C_mouth_ctrl": {
        "translation": [
            3.9973812102598904e-17, 
            20.458872019544707, 
            2.439975773158258
        ], 
        "rotation": [
            0.0, 
            0.0, 
            0.0
        ], 
        "scale": [
            0.1518378189942, 
            0.1176743076581685, 
            0.1518378189942
        ], 
        "children": [
            "C_upper_lip_grp", 
            "R_upper_lip_grp", 
            "R_lower_lip_grp", 
            "L_lower_lip_grp", 
            "C_lower_lip_grp", 
            "L_upper_lip_grp"
        ]
    }, 
    "R_brow_out_ctrl": {
        "translation": [
            -1.1284756362190729, 
            22.095158057267735, 
            0.5363673895704933
        ], 
        "rotation": [
            0.0, 
            180.0, 
            0.0
        ], 
        "scale": [
            0.1518378189942, 
            0.1176743076581685, 
            -0.1518378189942
        ], 
        "children": []
    }, 
    "R_cheek_ctrl": {
        "translation": [
            -1.7014740672343402, 
            20.351679410310357, 
            0.49008609106235174
        ], 
        "rotation": [
            0.0, 
            207.68069573520566, 
            0.0
        ], 
        "scale": [
            0.15183781899419999, 
            0.1176743076581685, 
            -0.15183781899419999
        ], 
        "children": []
    }, 
    "C_lower_lip_ctrl": {
        "translation": [
            -7.270371686988006e-16, 
            20.398396958376924, 
            2.439975773158258
        ], 
        "rotation": [
            0.0, 
            0.0, 
            0.0
        ], 
        "scale": [
            0.15183781899419996, 
            0.11767430765816847, 
            0.15183781899419996
        ], 
        "children": []
    }, 
    "R_masseter_ctrl": {
        "translation": [
            -1.480015008627281, 
            20.120126069446034, 
            -0.2710035408140069
        ], 
        "rotation": [
            0.0, 
            180.0, 
            0.0
        ], 
        "scale": [
            0.1518378189942, 
            0.1176743076581685, 
            -0.1518378189942
        ], 
        "children": []
    }
}