{
    "surfaces_list": [
        {
            "surface_name": "bot_teeth_srf", 
            "surface_shape": "bot_teeth_srfShape", 
            "range_u": {
                "max": 1.0, 
                "min": 0.0
            }, 
            "range_v": {
                "max": 1.0, 
                "min": 0.0
            }, 
            "curve_u": {
                "shape_name": "crv_shape", 
                "parent_name": "tmp_ctrl", 
                "degree": 2, 
                "knots": [], 
                "form": 0, 
                "spans": 9, 
                "cvs": [], 
                "ove": false, 
                "override_rgb": false, 
                "index_color": 20, 
                "rgb_color": [
                    1.0, 
                    1.0, 
                    1.0
                ]
            }, 
            "curve_v": {
                "shape_name": "crv_shape", 
                "parent_name": "tmp_ctrl", 
                "degree": 1, 
                "knots": [], 
                "form": 0, 
                "spans": 1, 
                "cvs": [], 
                "ove": false, 
                "override_rgb": false, 
                "index_color": 20, 
                "rgb_color": [
                    1.0, 
                    1.0, 
                    1.0
                ]
            }, 
            "cvs_dict": {
                "cv[9][1]": [
                    -4.994439620562912, 
                    159.94316765362083, 
                    6.537170329877733
                ], 
                "cv[2][0]": [
                    2.9394043925055926, 
                    159.9355991264932, 
                    8.300204152702406
                ], 
                "cv[4][1]": [
                    1.4070139107358282, 
                    159.93070186719103, 
                    12.110600424104224
                ], 
                "cv[7][1]": [
                    -2.9724713325045564, 
                    159.93497804209042, 
                    11.28737970745754
                ], 
                "cv[5][1]": [
                    2.842277171365285e-14, 
                    159.92870222126967, 
                    12.511176383987866
                ], 
                "cv[3][1]": [
                    2.972471332504638, 
                    159.93497804209042, 
                    11.287379707457546
                ], 
                "cv[10][0]": [
                    -3.0981040166327483, 
                    159.94687152548684, 
                    4.358942144997755
                ], 
                "cv[8][0]": [
                    -2.9394043925055704, 
                    159.9355991264932, 
                    8.300204152702406
                ], 
                "cv[6][1]": [
                    -1.407013910735747, 
                    159.93070186719103, 
                    12.11060042410421
                ], 
                "cv[0][1]": [
                    4.521276710858308, 
                    159.94687152548684, 
                    3.8315219850185014
                ], 
                "cv[1][1]": [
                    4.9944396205629005, 
                    159.94316765362083, 
                    6.537170329877737
                ], 
                "cv[9][0]": [
                    -3.1635303464806817, 
                    159.94316765362083, 
                    6.197566346461375
                ], 
                "cv[4][0]": [
                    1.0389030345416423, 
                    159.93070186719103, 
                    10.289761972990874
                ], 
                "cv[2][1]": [
                    4.489733744504437, 
                    159.9355991264932, 
                    9.266585253215986
                ], 
                "cv[7][0]": [
                    -1.974280212458665, 
                    159.93497804209042, 
                    9.64873022346212
                ], 
                "cv[1][0]": [
                    3.1635303464807216, 
                    159.94316765362083, 
                    6.197566346461392
                ], 
                "cv[5][0]": [
                    2.8288320766759286e-14, 
                    159.92870222126967, 
                    10.672173295215067
                ], 
                "cv[8][1]": [
                    -4.489733744504379, 
                    159.9355991264932, 
                    9.266585253215993
                ], 
                "cv[3][0]": [
                    1.974280212458691, 
                    159.93497804209042, 
                    9.648730223462138
                ], 
                "cv[6][0]": [
                    -1.0389030345415902, 
                    159.93070186719103, 
                    10.289761972990874
                ], 
                "cv[10][1]": [
                    -4.521276710858268, 
                    159.94687152548684, 
                    3.8315219850185076
                ], 
                "cv[0][0]": [
                    3.098104016632796, 
                    159.94687152548684, 
                    4.358942144997747
                ]
            }
        }
    ]
}