{
    "surfaces_list": [
        {
            "surface_name": "bot_teeth_srf", 
            "surface_shape": "bot_teeth_srfShape", 
            "range_u": {
                "max": 1.0, 
                "min": 0.0
            }, 
            "range_v": {
                "max": 1.0, 
                "min": 0.0
            }, 
            "curve_u": {
                "shape_name": "crv_shape", 
                "parent_name": "tmp_ctrl", 
                "degree": 2, 
                "knots": [], 
                "form": 0, 
                "spans": 9, 
                "cvs": [], 
                "ove": false, 
                "override_rgb": false, 
                "index_color": 20, 
                "rgb_color": [
                    1.0, 
                    1.0, 
                    1.0
                ]
            }, 
            "curve_v": {
                "shape_name": "crv_shape", 
                "parent_name": "tmp_ctrl", 
                "degree": 1, 
                "knots": [], 
                "form": 0, 
                "spans": 1, 
                "cvs": [], 
                "ove": false, 
                "override_rgb": false, 
                "index_color": 20, 
                "rgb_color": [
                    1.0, 
                    1.0, 
                    1.0
                ]
            }, 
            "cvs_dict": {
                "cv[9][1]": [
                    -0.35539944384334216, 
                    20.617660873947987, 
                    0.5584450182629644
                ], 
                "cv[2][0]": [
                    0.209165144779428, 
                    20.5935661487421, 
                    0.6955692812834946
                ], 
                "cv[4][1]": [
                    0.10012173523863505, 
                    20.542382900832465, 
                    0.9920849563927446
                ], 
                "cv[7][1]": [
                    -0.21151815592343362, 
                    20.553691317745002, 
                    0.9280668488480904
                ], 
                "cv[5][1]": [
                    2.4433024978342147e-16, 
                    20.536886583938127, 
                    1.023236997083222
                ], 
                "cv[3][1]": [
                    0.21151815592343645, 
                    20.553691317745002, 
                    0.9280668488480909
                ], 
                "cv[10][0]": [
                    -0.2204580549831551, 
                    20.646990369757543, 
                    0.38895271018385325
                ], 
                "cv[8][0]": [
                    -0.2091651447794294, 
                    20.5935661487421, 
                    0.6955692812834946
                ], 
                "cv[6][1]": [
                    -0.10012173523863276, 
                    20.542382900832465, 
                    0.9920849563927437
                ], 
                "cv[0][1]": [
                    0.3217296334678239, 
                    20.654022193921723, 
                    0.3479011317318236
                ], 
                "cv[1][1]": [
                    0.3553994438433383, 
                    20.617660873947987, 
                    0.5584450182629651
                ], 
                "cv[9][0]": [
                    -0.22511372869376167, 
                    20.622188640760935, 
                    0.5320120514829549
                ], 
                "cv[4][0]": [
                    0.07392732493212822, 
                    20.566659211810226, 
                    0.8503605814138033
                ], 
                "cv[2][1]": [
                    0.31948506679948757, 
                    20.58068188209848, 
                    0.7707872433042365
                ], 
                "cv[7][0]": [
                    -0.14048785105137548, 
                    20.575538596086837, 
                    0.8005230935046025
                ], 
                "cv[1][0]": [
                    0.22511372869376148, 
                    20.622188640760935, 
                    0.5320120514829565
                ], 
                "cv[5][0]": [
                    2.347628517607388e-16, 
                    20.561405074771184, 
                    0.8800987833766152
                ], 
                "cv[8][1]": [
                    -0.31948506679948635, 
                    20.58068188209848, 
                    0.770787243304237
                ], 
                "cv[3][0]": [
                    0.1404878510513739, 
                    20.575538596086837, 
                    0.8005230935046047
                ], 
                "cv[6][0]": [
                    -0.07392732493212818, 
                    20.566659211810226, 
                    0.8503605814138033
                ], 
                "cv[10][1]": [
                    -0.3217296334678242, 
                    20.654022193921723, 
                    0.347901131731824
                ], 
                "cv[0][0]": [
                    0.22045805498315524, 
                    20.646990369757546, 
                    0.3889527101838527
                ]
            }
        }
    ]
}