{
    "surfaces_list": [
        {
            "surface_name": "R_eyebrow_srf", 
            "surface_shape": "R_eyebrow_srfShape", 
            "range_u": {
                "max": 1.0, 
                "min": 0.0
            }, 
            "range_v": {
                "max": 1.0, 
                "min": 0.0
            }, 
            "curve_u": {
                "shape_name": "crv_shape", 
                "parent_name": "tmp_ctrl", 
                "degree": 2, 
                "knots": [], 
                "form": 0, 
                "spans": 7, 
                "cvs": [], 
                "ove": false, 
                "override_rgb": false, 
                "index_color": 20, 
                "rgb_color": [
                    1.0, 
                    1.0, 
                    1.0
                ]
            }, 
            "curve_v": {
                "shape_name": "crv_shape", 
                "parent_name": "tmp_ctrl", 
                "degree": 1, 
                "knots": [], 
                "form": 0, 
                "spans": 1, 
                "cvs": [], 
                "ove": false, 
                "override_rgb": false, 
                "index_color": 20, 
                "rgb_color": [
                    1.0, 
                    1.0, 
                    1.0
                ]
            }, 
            "cvs_dict": {
                "cv[8][1]": [
                    -9.932877540588379, 
                    177.40371704101562, 
                    6.785633563995361
                ], 
                "cv[3][1]": [
                    -5.741828918457031, 
                    180.36524963378906, 
                    12.199673652648926
                ], 
                "cv[8][0]": [
                    -9.872394561767578, 
                    177.1771240234375, 
                    7.105085372924805
                ], 
                "cv[2][0]": [
                    -3.72296142578125, 
                    178.89195251464844, 
                    14.159144401550293
                ], 
                "cv[2][1]": [
                    -4.4131317138671875, 
                    180.39163208007812, 
                    13.04724407196045
                ], 
                "cv[3][0]": [
                    -5.1312947273254395, 
                    178.84979248046875, 
                    13.361215591430664
                ], 
                "cv[6][0]": [
                    -8.346992492675781, 
                    178.26614379882812, 
                    9.971663475036621
                ], 
                "cv[6][1]": [
                    -8.883064270019531, 
                    178.96673583984375, 
                    8.528999328613281
                ], 
                "cv[7][0]": [
                    -9.197601318359375, 
                    177.76206970214844, 
                    8.481110572814941
                ], 
                "cv[4][0]": [
                    -6.569855213165283, 
                    178.7838897705078, 
                    12.331438064575195
                ], 
                "cv[5][0]": [
                    -7.53129243850708, 
                    178.57115173339844, 
                    11.193214416503906
                ], 
                "cv[7][1]": [
                    -9.472431182861328, 
                    178.21986389160156, 
                    7.535693645477295
                ], 
                "cv[0][1]": [
                    -1.8504105806350708, 
                    180.4121551513672, 
                    14.032608032226562
                ], 
                "cv[1][1]": [
                    -3.063560724258423, 
                    180.40188598632812, 
                    13.737436294555664
                ], 
                "cv[1][0]": [
                    -2.5618209838867188, 
                    178.90821838378906, 
                    14.633515357971191
                ], 
                "cv[5][1]": [
                    -8.098918914794922, 
                    179.62220764160156, 
                    9.649637222290039
                ], 
                "cv[4][1]": [
                    -6.945014476776123, 
                    180.1730194091797, 
                    11.016839981079102
                ], 
                "cv[0][0]": [
                    -1.543594241142273, 
                    178.91433715820312, 
                    14.95752239227295
                ]
            }
        }
    ]
}