{
    "tx": 0.0, 
    "ty": 169.44049367601718, 
    "tz": 4.2236738204956055, 
    "rx": 0.0, 
    "ry": 0.0, 
    "rz": 0.0, 
    "sx": 27.18463134765625, 
    "sy": 33.53497227990394, 
    "sz": 29.296239852905273
}