{
    "tx": 0.0, 
    "ty": 21.47761197870465, 
    "tz": -0.5685989109487606, 
    "rx": 0.0, 
    "ry": 0.0, 
    "rz": 0.0, 
    "sx": 3.664899927445421, 
    "sy": 3.9124229034067124, 
    "sz": 4.139460206021445
}