{
    "surfaces_list": [
        {
            "surface_name": "spine_srf", 
            "surface_shape": "spine_srfShape", 
            "range_u": {
                "max": 1.0, 
                "min": 0.0
            }, 
            "range_v": {
                "max": 1.0, 
                "min": 0.0
            }, 
            "curve_u": {
                "shape_name": "crv_shape", 
                "parent_name": "tmp_ctrl", 
                "degree": 2, 
                "knots": [], 
                "form": 0, 
                "spans": 9, 
                "cvs": [], 
                "ove": false, 
                "override_rgb": false, 
                "index_color": 20, 
                "rgb_color": [
                    1.0, 
                    1.0, 
                    1.0
                ]
            }, 
            "curve_v": {
                "shape_name": "crv_shape", 
                "parent_name": "tmp_ctrl", 
                "degree": 1, 
                "knots": [], 
                "form": 0, 
                "spans": 1, 
                "cvs": [], 
                "ove": false, 
                "override_rgb": false, 
                "index_color": 20, 
                "rgb_color": [
                    1.0, 
                    1.0, 
                    1.0
                ]
            }, 
            "cvs_dict": {
                "cv[9][1]": [
                    -0.28261872009334826, 
                    17.007570395114108, 
                    -0.41294128770984856
                ], 
                "cv[2][0]": [
                    0.28261872009335254, 
                    14.244145909684965, 
                    -0.41294128770984856
                ], 
                "cv[4][1]": [
                    -0.2826187200933461, 
                    15.03369467789729, 
                    -0.4129412877098486
                ], 
                "cv[7][1]": [
                    -0.2826187200933486, 
                    16.218015878423362, 
                    -0.4129412877098485
                ], 
                "cv[5][1]": [
                    -0.28261872009334676, 
                    15.428468471359514, 
                    -0.41294128770984845
                ], 
                "cv[3][1]": [
                    -0.28261872009334615, 
                    14.638921267575729, 
                    -0.41294128770984845
                ], 
                "cv[10][0]": [
                    0.28261872009335026, 
                    17.40236416196393, 
                    -0.41294128770984845
                ], 
                "cv[8][0]": [
                    0.2826187200933495, 
                    16.612790751809587, 
                    -0.4129412877098485
                ], 
                "cv[6][1]": [
                    -0.2826187200933475, 
                    15.823242230426347, 
                    -0.41294128770984856
                ], 
                "cv[0][1]": [
                    -0.2826187200933431, 
                    13.45458130707101, 
                    -0.4129412877098484
                ], 
                "cv[1][1]": [
                    -0.28261872009334366, 
                    13.849366570206035, 
                    -0.41294128770984856
                ], 
                "cv[9][0]": [
                    0.2826187200933502, 
                    17.007570395114108, 
                    -0.41294128770984856
                ], 
                "cv[4][0]": [
                    0.2826187200933523, 
                    15.03369467789729, 
                    -0.4129412877098486
                ], 
                "cv[2][1]": [
                    -0.2826187200933457, 
                    14.244145909684963, 
                    -0.41294128770984856
                ], 
                "cv[7][0]": [
                    0.2826187200933497, 
                    16.218015878423362, 
                    -0.4129412877098485
                ], 
                "cv[1][0]": [
                    0.2826187200933547, 
                    13.849366570206035, 
                    -0.41294128770984856
                ], 
                "cv[5][0]": [
                    0.2826187200933516, 
                    15.428468471359514, 
                    -0.41294128770984845
                ], 
                "cv[8][1]": [
                    -0.28261872009334876, 
                    16.612790751809587, 
                    -0.4129412877098485
                ], 
                "cv[3][0]": [
                    0.28261872009335215, 
                    14.638921267575732, 
                    -0.41294128770984845
                ], 
                "cv[6][0]": [
                    0.28261872009335093, 
                    15.823242230426347, 
                    -0.41294128770984856
                ], 
                "cv[10][1]": [
                    -0.28261872009334804, 
                    17.40236416196393, 
                    -0.41294128770984845
                ], 
                "cv[0][0]": [
                    0.2826187200933551, 
                    13.45458130707101, 
                    -0.4129412877098484
                ]
            }
        }
    ]
}