{
    "surfaces_list": [
        {
            "surface_name": "spine_srf", 
            "surface_shape": "spine_srfShape", 
            "range_u": {
                "max": 1.0, 
                "min": 0.0
            }, 
            "range_v": {
                "max": 1.0, 
                "min": 0.0
            }, 
            "curve_u": {
                "shape_name": "crv_shape", 
                "parent_name": "tmp_ctrl", 
                "degree": 2, 
                "knots": [], 
                "form": 0, 
                "spans": 9, 
                "cvs": [], 
                "ove": false, 
                "override_rgb": false, 
                "index_color": 20, 
                "rgb_color": [
                    1.0, 
                    1.0, 
                    1.0
                ]
            }, 
            "curve_v": {
                "shape_name": "crv_shape", 
                "parent_name": "tmp_ctrl", 
                "degree": 1, 
                "knots": [], 
                "form": 0, 
                "spans": 1, 
                "cvs": [], 
                "ove": false, 
                "override_rgb": false, 
                "index_color": 20, 
                "rgb_color": [
                    1.0, 
                    1.0, 
                    1.0
                ]
            }, 
            "cvs_dict": {
                "cv[9][1]": [
                    -0.2826187200933484, 
                    17.690013360177478, 
                    0.0
                ], 
                "cv[2][0]": [
                    0.28261872009334854, 
                    13.9191289199044, 
                    0.0
                ], 
                "cv[4][1]": [
                    -0.2826187200933495, 
                    14.996524474268137, 
                    0.0
                ], 
                "cv[7][1]": [
                    -0.2826187200933487, 
                    16.612617805813738, 
                    0.0
                ], 
                "cv[5][1]": [
                    -0.2826187200933492, 
                    15.535222251450003, 
                    0.0
                ], 
                "cv[3][1]": [
                    -0.28261872009334965, 
                    14.45782669708627, 
                    0.0
                ], 
                "cv[10][0]": [
                    0.2826187200933503, 
                    18.22871113735934, 
                    0.0
                ], 
                "cv[8][0]": [
                    0.2826187200933499, 
                    17.15131558299561, 
                    0.0
                ], 
                "cv[6][1]": [
                    -0.282618720093349, 
                    16.07392002863187, 
                    0.0
                ], 
                "cv[0][1]": [
                    -0.2826187200933503, 
                    12.841733365540664, 
                    0.0
                ], 
                "cv[1][1]": [
                    -0.2826187200933501, 
                    13.380431142722534, 
                    0.0
                ], 
                "cv[9][0]": [
                    0.2826187200933501, 
                    17.690013360177478, 
                    0.0
                ], 
                "cv[4][0]": [
                    0.282618720093349, 
                    14.996524474268137, 
                    0.0
                ], 
                "cv[2][1]": [
                    -0.2826187200933499, 
                    13.9191289199044, 
                    0.0
                ], 
                "cv[7][0]": [
                    0.28261872009334965, 
                    16.612617805813738, 
                    0.0
                ], 
                "cv[1][0]": [
                    0.2826187200933484, 
                    13.380431142722534, 
                    0.0
                ], 
                "cv[5][0]": [
                    0.2826187200933492, 
                    15.535222251450003, 
                    0.0
                ], 
                "cv[8][1]": [
                    -0.28261872009334854, 
                    17.15131558299561, 
                    0.0
                ], 
                "cv[3][0]": [
                    0.2826187200933487, 
                    14.45782669708627, 
                    0.0
                ], 
                "cv[6][0]": [
                    0.2826187200933495, 
                    16.07392002863187, 
                    0.0
                ], 
                "cv[10][1]": [
                    -0.2826187200933481, 
                    18.22871113735934, 
                    0.0
                ], 
                "cv[0][0]": [
                    0.2826187200933481, 
                    12.841733365540664, 
                    0.0
                ]
            }
        }
    ]
}