{
    "surfaces_list": [
        {
            "surface_name": "top_teeth_srf", 
            "surface_shape": "top_teeth_srfShape", 
            "range_u": {
                "max": 1.0, 
                "min": 0.0
            }, 
            "range_v": {
                "max": 1.0, 
                "min": 0.0
            }, 
            "curve_u": {
                "shape_name": "crv_shape", 
                "parent_name": "tmp_ctrl", 
                "degree": 2, 
                "knots": [], 
                "form": 0, 
                "spans": 9, 
                "cvs": [], 
                "ove": false, 
                "override_rgb": false, 
                "index_color": 20, 
                "rgb_color": [
                    1.0, 
                    1.0, 
                    1.0
                ]
            }, 
            "curve_v": {
                "shape_name": "crv_shape", 
                "parent_name": "tmp_ctrl", 
                "degree": 1, 
                "knots": [], 
                "form": 0, 
                "spans": 1, 
                "cvs": [], 
                "ove": false, 
                "override_rgb": false, 
                "index_color": 20, 
                "rgb_color": [
                    1.0, 
                    1.0, 
                    1.0
                ]
            }, 
            "cvs_dict": {
                "cv[9][1]": [
                    -5.7420426613431115, 
                    161.64754420875136, 
                    8.379489001149349
                ], 
                "cv[2][0]": [
                    3.409658495839273, 
                    161.6456302385801, 
                    9.939931180026957
                ], 
                "cv[4][1]": [
                    1.7716852981246782, 
                    161.64439185215198, 
                    13.403526279082243
                ], 
                "cv[7][1]": [
                    -3.7428796678643166, 
                    161.64547320443234, 
                    12.674902521471509
                ], 
                "cv[5][1]": [
                    3.436857439059251e-14, 
                    161.6438861575668, 
                    13.75807173110616
                ], 
                "cv[3][1]": [
                    3.7428796678644147, 
                    161.64547320443234, 
                    12.674902521471521
                ], 
                "cv[10][0]": [
                    -3.4664434312419883, 
                    161.64848087434467, 
                    6.05092276874376
                ], 
                "cv[8][0]": [
                    -3.4096584958392366, 
                    161.6456302385801, 
                    9.939931180026958
                ], 
                "cv[6][1]": [
                    -1.7716852981245714, 
                    161.64439185215198, 
                    13.403526279082232
                ], 
                "cv[0][1]": [
                    5.569342920003793, 
                    161.64848087434467, 
                    5.584108886351299
                ], 
                "cv[1][1]": [
                    5.742042661343111, 
                    161.64754420875136, 
                    8.379489001149354
                ], 
                "cv[9][0]": [
                    -3.62621302846811, 
                    161.64754420875136, 
                    8.07890918641347
                ], 
                "cv[4][0]": [
                    1.4057914549065804, 
                    161.64439185215198, 
                    11.515857333339468
                ], 
                "cv[2][1]": [
                    5.192513775231489, 
                    161.6456302385801, 
                    10.79526464589067
                ], 
                "cv[7][0]": [
                    -2.6714969154845565, 
                    161.64547320443234, 
                    10.980671985761775
                ], 
                "cv[1][0]": [
                    3.6262130284681673, 
                    161.64754420875136, 
                    8.078909186413474
                ], 
                "cv[5][0]": [
                    3.436857439059251e-14, 
                    161.6438861575668, 
                    11.825396577979461
                ], 
                "cv[8][1]": [
                    -5.192513775231419, 
                    161.6456302385801, 
                    10.795264645890672
                ], 
                "cv[3][0]": [
                    2.6714969154845907, 
                    161.64547320443234, 
                    10.980671985761784
                ], 
                "cv[6][0]": [
                    -1.405791454906511, 
                    161.64439185215198, 
                    11.515857333339468
                ], 
                "cv[10][1]": [
                    -5.569342920003732, 
                    161.64848087434467, 
                    5.584108886351309
                ], 
                "cv[0][0]": [
                    3.4664434312420536, 
                    161.64848087434467, 
                    6.050922768743755
                ]
            }
        }
    ]
}