{
    "surfaces_list": [
        {
            "surface_name": "top_teeth_srf", 
            "surface_shape": "top_teeth_srfShape", 
            "range_u": {
                "max": 1.0, 
                "min": 0.0
            }, 
            "range_v": {
                "max": 1.0, 
                "min": 0.0
            }, 
            "curve_u": {
                "shape_name": "crv_shape", 
                "parent_name": "tmp_ctrl", 
                "degree": 2, 
                "knots": [], 
                "form": 0, 
                "spans": 9, 
                "cvs": [], 
                "ove": false, 
                "override_rgb": false, 
                "index_color": 20, 
                "rgb_color": [
                    1.0, 
                    1.0, 
                    1.0
                ]
            }, 
            "curve_v": {
                "shape_name": "crv_shape", 
                "parent_name": "tmp_ctrl", 
                "degree": 1, 
                "knots": [], 
                "form": 0, 
                "spans": 1, 
                "cvs": [], 
                "ove": false, 
                "override_rgb": false, 
                "index_color": 20, 
                "rgb_color": [
                    1.0, 
                    1.0, 
                    1.0
                ]
            }, 
            "cvs_dict": {
                "cv[9][1]": [
                    -0.35500374346709107, 
                    20.720856854003774, 
                    0.6125983447597974
                ], 
                "cv[2][0]": [
                    0.21080329794766456, 
                    20.7206936738044, 
                    0.7456376521029461
                ], 
                "cv[4][1]": [
                    0.10953504705113985, 
                    20.720588092146293, 
                    1.04093490767116
                ], 
                "cv[7][1]": [
                    -0.23140481041425978, 
                    20.720680285474778, 
                    0.978814310485034
                ], 
                "cv[5][1]": [
                    2.078879893137533e-15, 
                    20.720544977919918, 
                    1.071162545706971
                ], 
                "cv[3][1]": [
                    0.2314048104142659, 
                    20.720680285474778, 
                    0.9788143104850358
                ], 
                "cv[10][0]": [
                    -0.21431404592176378, 
                    20.72093671171554, 
                    0.4140707460731796
                ], 
                "cv[8][0]": [
                    -0.2108032979476623, 
                    20.7206936738044, 
                    0.7456376521029461
                ], 
                "cv[6][1]": [
                    -0.10953504705113326, 
                    20.720588092146293, 
                    1.0409349076711574
                ], 
                "cv[0][1]": [
                    0.3443265231315468, 
                    20.72093671171554, 
                    0.3742713889343394
                ], 
                "cv[1][1]": [
                    0.35500374346709107, 
                    20.720856854003774, 
                    0.6125983447597975
                ], 
                "cv[9][0]": [
                    -0.22419185569307523, 
                    20.720856854003774, 
                    0.58697167887298
                ], 
                "cv[4][0]": [
                    0.08691353555864206, 
                    20.720588092146293, 
                    0.8799970834863339
                ], 
                "cv[2][1]": [
                    0.32102893289553486, 
                    20.7206936738044, 
                    0.818561194792475
                ], 
                "cv[7][0]": [
                    -0.1651662067999976, 
                    20.720680285474778, 
                    0.8343685501733263
                ], 
                "cv[1][0]": [
                    0.22419185569307887, 
                    20.720856854003774, 
                    0.5869716788729806
                ], 
                "cv[5][0]": [
                    2.078879893137533e-15, 
                    20.720544977919918, 
                    0.9063876074415662
                ], 
                "cv[8][1]": [
                    -0.32102893289553064, 
                    20.7206936738044, 
                    0.818561194792475
                ], 
                "cv[3][0]": [
                    0.1651662067999997, 
                    20.720680285474778, 
                    0.8343685501733263
                ], 
                "cv[6][0]": [
                    -0.0869135355586378, 
                    20.720588092146293, 
                    0.8799970834863339
                ], 
                "cv[10][1]": [
                    -0.3443265231315429, 
                    20.72093671171554, 
                    0.3742713889343403
                ], 
                "cv[0][0]": [
                    0.21431404592176773, 
                    20.72093671171554, 
                    0.414070746073179
                ]
            }
        }
    ]
}