{
    "L_sneer_ctrl": {
        "translation": [
            0.5485325235247125, 
            20.82884364267114, 
            1.4738735075402027
        ], 
        "rotation": [
            0.0, 
            0.0, 
            0.0
        ], 
        "scale": [
            0.1518378189942, 
            0.1176743076581685, 
            0.1518378189942
        ], 
        "children": []
    }, 
    "L_brow_in_ctrl": {
        "translation": [
            0.35312770197143356, 
            22.292646014733336, 
            1.4699717862512929
        ], 
        "rotation": [
            0.0, 
            0.0, 
            0.0
        ], 
        "scale": [
            0.1518378189942, 
            0.1176743076581685, 
            0.1518378189942
        ], 
        "children": []
    }, 
	"L_brow_out_ctrl": {
        "translation": [
            1.1284756362190733, 
            22.095158057267735, 
            0.5363673895704933
        ], 
        "rotation": [
            0.0, 
            0.0, 
            0.0
        ], 
        "scale": [
            0.1518378189942, 
            0.1176743076581685, 
            0.1518378189942
        ], 
        "children": []
    }, 
    "L_masseter_ctrl": {
        "translation": [
            1.4800150086272812, 
            20.120126069446034, 
            -0.2710035408140069
        ], 
        "rotation": [
            0.0, 
            0.0, 
            0.0
        ], 
        "scale": [
            0.1518378189942, 
            0.1176743076581685, 
            0.1518378189942
        ], 
        "children": []
    }, 
    "C_mouth_ctrl": {
        "translation": [
            3.9973812102598904e-17, 
            20.458872019544707, 
            2.439975773158258
        ], 
        "rotation": [
            0.0, 
            0.0, 
            0.0
        ], 
        "scale": [
            0.1518378189942, 
            0.1176743076581685, 
            0.1518378189942
        ], 
        "children": []
    }
}