{
    "L_cheek_ctrl": {
        "translation": [
            0.646457292109701, 
            20.67900276184082, 
            0.8236887474587103
        ], 
        "rotation": [
            0.0, 
            -27.680695735205664, 
            0.0
        ], 
        "scale": [
            0.1518378189942, 
            0.1176743076581685, 
            0.1518378189942
        ], 
        "children": []
    }, 
    "L_mouth_ctrl": {
        "translation": [
            0.4558273251540753, 
            20.57518196105957, 
            0.9141853750589188
        ], 
        "rotation": [
            0.0, 
            34.78666347857922, 
            0.0
        ], 
        "scale": [
            0.1518378189942, 
            0.1176743076581685, 
            0.1518378189942
        ], 
        "children": []
    }, 
    "L_sneer_ctrl": {
        "translation": [
            0.38869500160217285, 
            20.931921005249023, 
            0.947358486114837
        ], 
        "rotation": [
            0.0, 
            0.0, 
            30.00000000000001
        ], 
        "scale": [
            0.1518378189942, 
            0.1176743076581685, 
            0.1518378189942
        ], 
        "children": []
    }, 
    "L_brow_in_ctrl": {
        "translation": [
            0.16777899861335754, 
            21.607540130615234, 
            1.143476567479195
        ], 
        "rotation": [
            0.0, 
            0.0, 
            30.00000000000001
        ], 
        "scale": [
            0.1518378189942, 
            0.1176743076581685, 
            0.1518378189942
        ], 
        "children": []
    }, 
    "L_brow_out_ctrl": {
        "translation": [
            0.6549230217933655, 
            21.619582417234614, 
            0.9836168160335634
        ], 
        "rotation": [
            0.0, 
            0.0, 
            0.0
        ], 
        "scale": [
            0.1518378189942, 
            0.1176743076581685, 
            0.1518378189942
        ], 
        "children": []
    }, 
    "L_masseter_ctrl": {
        "translation": [
            0.774507999420166, 
            20.839643478393555, 
            0.4288890063762665
        ], 
        "rotation": [
            0.0, 
            0.0, 
            0.0
        ], 
        "scale": [
            0.1518378189942, 
            0.1176743076581685, 
            0.1518378189942
        ], 
        "children": []
    }, 
    "C_mouth_ctrl": {
        "translation": [
            -0.0010470000561326742, 
            20.638900756835938, 
            1.4184095358999105
        ], 
        "rotation": [
            0.0, 
            0.0, 
            0.0
        ], 
        "scale": [
            0.1518378189942, 
            0.1176743076581685, 
            0.1518378189942
        ], 
        "children": []
    }, 
    "R_cheek_ctrl": {
        "translation": [
            -0.646457292109701, 
            20.67900276184082, 
            0.8236887474587103
        ], 
        "rotation": [
            0.0, 
            207.68069573520566, 
            0.0
        ], 
        "scale": [
            0.1518378189942, 
            0.1176743076581685, 
            -0.1518378189942
        ], 
        "children": []
    }, 
    "R_mouth_ctrl": {
        "translation": [
            -0.4558273251540753, 
            20.57518196105957, 
            0.9141853750589188
        ], 
        "rotation": [
            0.0, 
            145.21333652142079, 
            0.0
        ], 
        "scale": [
            0.1518378189942, 
            0.1176743076581685, 
            -0.1518378189942
        ], 
        "children": []
    }, 
    "R_sneer_ctrl": {
        "translation": [
            -0.38869500160217285, 
            20.931921005249023, 
            0.947358486114837
        ], 
        "rotation": [
            180.0, 
            0.0, 
            150.0
        ], 
        "scale": [
            0.15183781899420004, 
            0.1176743076581685, 
            -0.1518378189942
        ], 
        "children": []
    }, 
    "R_brow_in_ctrl": {
        "translation": [
            -0.16777899861335754, 
            21.607540130615234, 
            1.143476567479195
        ], 
        "rotation": [
            180.0, 
            0.0, 
            150.0
        ], 
        "scale": [
            0.15183781899420004, 
            0.1176743076581685, 
            -0.1518378189942
        ], 
        "children": []
    }, 
    "R_brow_out_ctrl": {
        "translation": [
            -0.6549230217933655, 
            21.619582417234614, 
            0.9836168160335634
        ], 
        "rotation": [
            0.0, 
            180.0, 
            0.0
        ], 
        "scale": [
            0.1518378189942, 
            0.1176743076581685, 
            -0.1518378189942
        ], 
        "children": []
    }, 
    "R_masseter_ctrl": {
        "translation": [
            -0.774507999420166, 
            20.839643478393555, 
            0.4288890063762665
        ], 
        "rotation": [
            0.0, 
            180.0, 
            0.0
        ], 
        "scale": [
            0.1518378189942, 
            0.1176743076581685, 
            -0.1518378189942
        ], 
        "children": []
    }
}