{
    "L_cheek_ctrl": {
        "translation": [
            0.646457292109701, 
            20.67900276184082, 
            0.8236887474587103
        ], 
        "rotation": [
            0.0, 
            -27.680695735205664, 
            0.0
        ], 
        "scale": [
            0.1518378189942, 
            0.1176743076581685, 
            0.1518378189942
        ], 
        "children": []
    }, 
    "L_mouth_ctrl": {
        "translation": [
            0.48912469260925356, 
            20.57518196105957, 
            0.9621178116120185
        ], 
        "rotation": [
            0.0, 
            34.78666347857922, 
            0.0
        ], 
        "scale": [
            0.1518378189942, 
            0.1176743076581685, 
            0.1518378189942
        ], 
        "children": []
    }, 
    "L_sneer_ctrl": {
        "translation": [
            0.38869500160217285, 
            20.931921005249023, 
            1.014192914687915
        ], 
        "rotation": [
            0.0, 
            0.0, 
            0.0
        ], 
        "scale": [
            0.1518378189942, 
            0.1176743076581685, 
            0.1518378189942
        ], 
        "children": []
    }, 
    "L_brow_in_ctrl": {
        "translation": [
            0.16777899861335754, 
            21.607540130615234, 
            1.143476567479195
        ], 
        "rotation": [
            0.0, 
            0.0, 
            0.0
        ], 
        "scale": [
            0.1518378189942, 
            0.1176743076581685, 
            0.1518378189942
        ], 
        "children": []
    }, 
    "L_brow_out_ctrl": {
        "translation": [
            0.6549230217933655, 
            21.619582417234614, 
            1.0788535759204678
        ], 
        "rotation": [
            0.0, 
            0.0, 
            0.0
        ], 
        "scale": [
            0.1518378189942, 
            0.1176743076581685, 
            0.1518378189942
        ], 
        "children": []
    }, 
    "L_masseter_ctrl": {
        "translation": [
            0.774507999420166, 
            20.839643478393555, 
            0.4288890063762665
        ], 
        "rotation": [
            0.0, 
            0.0, 
            0.0
        ], 
        "scale": [
            0.1518378189942, 
            0.1176743076581685, 
            0.1518378189942
        ], 
        "children": []
    }, 
    "C_mouth_ctrl": {
        "translation": [
            -0.0010470000561326742, 
            20.638900756835938, 
            1.7286455792354503
        ], 
        "rotation": [
            0.0, 
            0.0, 
            0.0
        ], 
        "scale": [
            0.1518378189942, 
            0.1176743076581685, 
            0.1518378189942
        ], 
        "children": []
    }
}