{
    "surfaces_list": [
        {
            "surface_name": "squint_srf", 
            "surface_shape": "squint_srfShape", 
            "range_u": {
                "max": 1.0, 
                "min": 0.0
            }, 
            "range_v": {
                "max": 1.0, 
                "min": 0.0
            }, 
            "curve_u": {
                "shape_name": "crv_shape", 
                "parent_name": "tmp_ctrl", 
                "degree": 2, 
                "knots": [], 
                "form": 0, 
                "spans": 19, 
                "cvs": [], 
                "ove": false, 
                "override_rgb": false, 
                "index_color": 20, 
                "rgb_color": [
                    1.0, 
                    1.0, 
                    1.0
                ]
            }, 
            "curve_v": {
                "shape_name": "crv_shape", 
                "parent_name": "tmp_ctrl", 
                "degree": 1, 
                "knots": [], 
                "form": 0, 
                "spans": 1, 
                "cvs": [], 
                "ove": false, 
                "override_rgb": false, 
                "index_color": 20, 
                "rgb_color": [
                    1.0, 
                    1.0, 
                    1.0
                ]
            }, 
            "cvs_dict": {
                "cv[11][0]": [
                    -6.658280168518504, 
                    168.19262742058888, 
                    12.193871865564587
                ], 
                "cv[9][1]": [
                    -8.096311913761301, 
                    167.37216859861527, 
                    10.675759882422735
                ], 
                "cv[15][0]": [
                    -3.8606107005584924, 
                    169.0761248977132, 
                    13.753362652856422
                ], 
                "cv[17][1]": [
                    -2.746113962089694, 
                    169.6307412136762, 
                    14.383611531195442
                ], 
                "cv[2][0]": [
                    -9.75996563296078, 
                    171.07095155329816, 
                    8.01399036414421
                ], 
                "cv[4][1]": [
                    -10.186796769470488, 
                    169.55093693585147, 
                    6.843952716592866
                ], 
                "cv[18][1]": [
                    -2.3487455581196537, 
                    170.0386313074998, 
                    14.556201198686363
                ], 
                "cv[11][1]": [
                    -6.560983740341594, 
                    167.40248855116283, 
                    12.282670392897858
                ], 
                "cv[13][0]": [
                    -5.216428609543049, 
                    168.43738162907638, 
                    13.143191906625534
                ], 
                "cv[7][1]": [
                    -9.179439216375322, 
                    167.66877048937906, 
                    8.907016856150847
                ], 
                "cv[20][0]": [
                    -2.083132266998291, 
                    170.96852111816406, 
                    14.526312828063965
                ], 
                "cv[5][1]": [
                    -10.022693840354512, 
                    168.64736683159379, 
                    7.116381110492103
                ], 
                "cv[3][1]": [
                    -10.266494940910507, 
                    170.23458430710244, 
                    6.768293438847112
                ], 
                "cv[10][0]": [
                    -7.26796626499715, 
                    168.1768320983968, 
                    11.606801050864993
                ], 
                "cv[8][0]": [
                    -8.353159762362933, 
                    168.3583202405797, 
                    10.336343768113029
                ], 
                "cv[14][0]": [
                    -4.4813770365194685, 
                    168.73732774422345, 
                    13.469802355541589
                ], 
                "cv[6][1]": [
                    -9.756458870714857, 
                    167.93151981594696, 
                    7.619758055299002
                ], 
                "cv[18][0]": [
                    -2.4635237213171615, 
                    170.24644448644008, 
                    14.367102453694136
                ], 
                "cv[12][0]": [
                    -5.928861919854317, 
                    168.27465377612435, 
                    12.70143354848655
                ], 
                "cv[16][0]": [
                    -3.264972013133657, 
                    169.44127836756772, 
                    14.01537993563218
                ], 
                "cv[0][1]": [
                    -10.382770538330078, 
                    171.9071502685547, 
                    6.813905715942383
                ], 
                "cv[1][1]": [
                    -10.36486070573573, 
                    171.57719051844248, 
                    6.789329219028822
                ], 
                "cv[19][1]": [
                    -2.022687863717814, 
                    170.58247165878265, 
                    14.68096572068075
                ], 
                "cv[9][0]": [
                    -7.8598469135791085, 
                    168.18698420021374, 
                    11.006408595116339
                ], 
                "cv[4][0]": [
                    -9.601915867982289, 
                    170.05280800551927, 
                    8.256261609110265
                ], 
                "cv[15][1]": [
                    -3.726134368253316, 
                    168.87996233166382, 
                    13.951282525691841
                ], 
                "cv[2][1]": [
                    -10.335626545829353, 
                    170.92302110299758, 
                    6.721052414112303
                ], 
                "cv[7][0]": [
                    -8.801700778997217, 
                    168.60807099459103, 
                    9.692989226658748
                ], 
                "cv[13][1]": [
                    -5.029669382333823, 
                    168.1857439540369, 
                    13.352251620164862
                ], 
                "cv[17][0]": [
                    -2.851992894115828, 
                    169.83665739256722, 
                    14.197269059051669
                ], 
                "cv[1][0]": [
                    -9.789635749113504, 
                    171.56073564783588, 
                    8.023555750769827
                ], 
                "cv[5][0]": [
                    -9.424181729975839, 
                    169.49486006759875, 
                    8.604049625778309
                ], 
                "cv[8][1]": [
                    -8.634822511176425, 
                    167.47473571308225, 
                    9.844009625063446
                ], 
                "cv[3][0]": [
                    -9.68557128368045, 
                    170.56203028448508, 
                    8.12415839953242
                ], 
                "cv[6][0]": [
                    -9.191150739364012, 
                    168.99541513510619, 
                    9.0230289007587
                ], 
                "cv[14][1]": [
                    -4.326037064468929, 
                    168.51915382388157, 
                    13.672642164158384
                ], 
                "cv[12][1]": [
                    -5.7750877512567085, 
                    167.82539135523666, 
                    12.85917361096588
                ], 
                "cv[16][1]": [
                    -3.15555222497576, 
                    169.2474475728313, 
                    14.202098555418456
                ],