{
    "surfaces_list": [
        {
            "surface_name": "L_squint_srf", 
            "surface_shape": "L_squint_srfShape", 
            "range_u": {
                "max": 1.0, 
                "min": 0.0
            }, 
            "range_v": {
                "max": 1.0, 
                "min": 0.0
            }, 
            "curve_u": {
                "shape_name": "crv_shape", 
                "parent_name": "tmp_ctrl", 
                "degree": 2, 
                "knots": [], 
                "form": 0, 
                "spans": 11, 
                "cvs": [], 
                "ove": false, 
                "override_rgb": false, 
                "index_color": 20, 
                "rgb_color": [
                    1.0, 
                    1.0, 
                    1.0
                ]
            }, 
            "curve_v": {
                "shape_name": "crv_shape", 
                "parent_name": "tmp_ctrl", 
                "degree": 1, 
                "knots": [], 
                "form": 0, 
                "spans": 1, 
                "cvs": [], 
                "ove": false, 
                "override_rgb": false, 
                "index_color": 20, 
                "rgb_color": [
                    1.0, 
                    1.0, 
                    1.0
                ]
            }, 
            "cvs_dict": {
                "cv[11][0]": [
                    8.901817321777344, 
                    171.7356414794922, 
                    9.441384315490723
                ], 
                "cv[9][1]": [
                    9.05413818359375, 
                    170.52359008789062, 
                    9.183917999267578
                ], 
                "cv[2][0]": [
                    3.349395990371704, 
                    169.7015838623047, 
                    13.85943603515625
                ], 
                "cv[4][1]": [
                    5.605492115020752, 
                    168.5968780517578, 
                    12.867365837097168
                ], 
                "cv[11][1]": [
                    9.233291625976562, 
                    171.75970458984375, 
                    8.954562187194824
                ], 
                "cv[7][1]": [
                    8.268302917480469, 
                    169.1724395751953, 
                    10.386645317077637
                ], 
                "cv[5][1]": [
                    6.689219951629639, 
                    168.54925537109375, 
                    12.120261192321777
                ], 
                "cv[3][1]": [
                    4.372954845428467, 
                    168.9796905517578, 
                    13.456673622131348
                ], 
                "cv[10][0]": [
                    8.85250473022461, 
                    171.23353576660156, 
                    9.510668754577637
                ], 
                "cv[8][0]": [
                    8.501693725585938, 
                    170.18214416503906, 
                    10.042431831359863
                ], 
                "cv[6][1]": [
                    7.566771984100342, 
                    168.76113891601562, 
                    11.271540641784668
                ], 
                "cv[12][0]": [
                    8.895057678222656, 
                    172.2856903076172, 
                    9.487929344177246
                ], 
                "cv[0][1]": [
                    2.227051019668579, 
                    171.03329467773438, 
                    14.336565017700195
                ], 
                "cv[1][1]": [
                    2.6172029972076416, 
                    170.29244995117188, 
                    14.176262855529785
                ], 
                "cv[9][0]": [
                    8.739830017089844, 
                    170.7807159423828, 
                    9.664932250976562
                ], 
                "cv[4][0]": [
                    5.695838928222656, 
                    168.8125457763672, 
                    12.819334983825684
                ], 
                "cv[2][1]": [
                    3.3080060482025146, 
                    169.59823608398438, 
                    13.900540351867676
                ], 
                "cv[7][0]": [
                    8.062118530273438, 
                    169.5823516845703, 
                    10.638957023620605
                ], 
                "cv[1][0]": [
                    2.671592950820923, 
                    170.37921142578125, 
                    14.107338905334473
                ], 
                "cv[5][0]": [
                    6.643772125244141, 
                    168.83828735351562, 
                    12.128846168518066
                ], 
                "cv[8][1]": [
                    8.776714324951172, 
                    169.80331420898438, 
                    9.637497901916504
                ], 
                "cv[3][0]": [
                    4.476799011230469, 
                    169.07371520996094, 
                    13.447234153747559
                ], 
                "cv[6][0]": [
                    7.411907196044922, 
                    169.11033630371094, 
                    11.36283016204834
                ], 
                "cv[12][1]": [
                    9.23101806640625, 
                    172.43675231933594, 
                    9.017630577087402
                ], 
                "cv[10][1]": [
                    9.163398742675781, 
                    171.13674926757812, 
                    9.011463165283203
                ], 
                "cv[0][0]": [
                    2.315886974334717, 
                    171.0631866455078, 
                    14.228384017944336
                ]
            }
        }
    ]
}