{
    "surfaces_list": [
        {
            "surface_name": "L_down_squint_srf", 
            "surface_shape": "L_down_squint_srfShape", 
            "range_u": {
                "max": 1.0, 
                "min": 0.0
            }, 
            "range_v": {
                "max": 1.0, 
                "min": 0.0
            }, 
            "curve_u": {
                "shape_name": "crv_shape", 
                "parent_name": "tmp_ctrl", 
                "degree": 2, 
                "knots": [], 
                "form": 0, 
                "spans": 19, 
                "cvs": [], 
                "ove": false, 
                "override_rgb": false, 
                "index_color": 20, 
                "rgb_color": [
                    1.0, 
                    1.0, 
                    1.0
                ]
            }, 
            "curve_v": {
                "shape_name": "crv_shape", 
                "parent_name": "tmp_ctrl", 
                "degree": 1, 
                "knots": [], 
                "form": 0, 
                "spans": 1, 
                "cvs": [], 
                "ove": false, 
                "override_rgb": false, 
                "index_color": 20, 
                "rgb_color": [
                    1.0, 
                    1.0, 
                    1.0
                ]
            }, 
            "cvs_dict": {
                "cv[11][0]": [
                    0.480664998292923, 
                    21.31378173828125, 
                    0.8379799723625183
                ], 
                "cv[9][1]": [
                    0.40972900390625, 
                    21.288551330566406, 
                    0.8623499870300293
                ], 
                "cv[15][0]": [
                    0.5822640061378479, 
                    21.372623443603516, 
                    0.7632899880409241
                ], 
                "cv[17][1]": [
                    0.6246799826622009, 
                    21.398347854614258, 
                    0.7418199777603149
                ], 
                "cv[2][0]": [
                    0.1937520056962967, 
                    21.3599910736084, 
                    0.853422999382019
                ], 
                "cv[4][1]": [
                    0.23529000580310822, 
                    21.324270248413086, 
                    0.8562510013580322
                ], 
                "cv[18][1]": [
                    0.6363959908485413, 
                    21.40956687927246, 
                    0.7466689944267273
                ], 
                "cv[11][1]": [
                    0.4909850060939789, 
                    21.2954158782959, 
                    0.823855996131897
                ], 
                "cv[13][0]": [
                    0.5406849980354309, 
                    21.341196060180664, 
                    0.7962170243263245
                ], 
                "cv[7][1]": [
                    0.3327600061893463, 
                    21.297822952270508, 
                    0.8705220222473145
                ], 
                "cv[20][0]": [
                    0.6336529850959778, 
                    21.43351936340332, 
                    0.7671329975128174
                ], 
                "cv[5][1]": [
                    0.26627498865127563, 
                    21.31477165222168, 
                    0.8545200228691101
                ], 
                "cv[3][1]": [
                    0.20941799879074097, 
                    21.33796501159668, 
                    0.8590559959411621
                ], 
                "cv[10][0]": [
                    0.4434700012207031, 
                    21.30900764465332, 
                    0.8525490164756775
                ], 
                "cv[8][0]": [
                    0.36945998668670654, 
                    21.30514907836914, 
                    0.8731250166893005
                ], 
                "cv[14][0]": [
                    0.5657349824905396, 
                    21.357227325439453, 
                    0.7779979705810547
                ], 
                "cv[6][1]": [
                    0.2999730110168457, 
                    21.306461334228516, 
                    0.8616849780082703
                ], 
                "cv[18][0]": [
                    0.6200569868087769, 
                    21.41590118408203, 
                    0.7668910026550293
                ], 
                "cv[12][0]": [
                    0.5125889778137207, 
                    21.325714111328125, 
                    0.8181679844856262
                ], 
                "cv[16][0]": [
                    0.5942620038986206, 
                    21.387784957885742, 
                    0.7569530010223389
                ], 
                "cv[0][1]": [
                    0.15531599521636963, 
                    21.393213272094727, 
                    0.8592309951782227
                ], 
                "cv[1][1]": [
                    0.1673000007867813, 
                    21.370576858520508, 
                    0.8558940291404724
                ], 
                "cv[19][1]": [
                    0.6460379958152771, 
                    21.420291900634766, 
                    0.7530779838562012
                ], 
                "cv[9][0]": [
                    0.4065200090408325, 
                    21.302549362182617, 
                    0.8677849769592285
                ], 
                "cv[4][0]": [
                    0.24161100387573242, 
                    21.335187911987305, 
                    0.8542529940605164
                ], 
                "cv[15][1]": [
                    0.5980629920959473, 
                    21.36701011657715, 
                    0.7455520033836365
                ], 
                "cv[2][1]": [
                    0.18490499258041382, 
                    21.35274314880371, 
                    0.8570029735565186
                ], 
                "cv[7][0]": [
                    0.33477699756622314, 
                    21.311779022216797, 
                    0.8728939890861511
                ], 
                "cv[13][1]": [
                    0.5566890239715576, 
                    21.32653045654297, 
                    0.7782109975814819
                ], 
                "cv[17][0]": [
                    0.605085015296936, 
                    21.405698776245117, 
                    0.763493001461029
                ], 
                "cv[1][0]": [
                    0.17769500613212585, 
                    21.376895904541016, 
                    0.8547520041465759
                ], 
                "cv[5][0]": [
                    0.27051299810409546, 
                    21.326932907104492, 
                    0.8558869957923889
                ], 
                "cv[8][1]": [
                    0.36913400888442993, 
                    21.29128646850586, 
                    0.868619978427887
                ], 
                "cv[3][0]": [
                    0.21605099737644196, 
                    21.346393585205078, 
                    0.8539270162582397
                ], 
                "cv[6][0]": [
                    0.30310600996017456, 
                    21.319101333618164, 
                    0.8622909784317017
                ], 
                "cv[14][1]": [
                    0.5828859806060791, 
                    21.346529006958008, 
                    0.7601709961891174
                ], 
                "cv[12][1]": [
                    0.5276880264282227, 
                    21.307994842529297, 
                    0.8011770248413086
                ], 
                "cv[16][1]": [
                    0.6130110025405884, 
                    21.385623931884766, 
                    0.7384309768676758
                ],