{
    "surfaces_list": [
        {
            "surface_name": "L_squint_02_srf", 
            "surface_shape": "L_squint_02_srfShape", 
            "range_u": {
                "max": 1.0, 
                "min": 0.0
            }, 
            "range_v": {
                "max": 1.0, 
                "min": 0.0
            }, 
            "curve_u": {
                "shape_name": "crv_shape", 
                "parent_name": "tmp_ctrl", 
                "degree": 2, 
                "knots": [], 
                "form": 0, 
                "spans": 10, 
                "cvs": [], 
                "ove": false, 
                "override_rgb": false, 
                "index_color": 20, 
                "rgb_color": [
                    1.0, 
                    1.0, 
                    1.0
                ]
            }, 
            "curve_v": {
                "shape_name": "crv_shape", 
                "parent_name": "tmp_ctrl", 
                "degree": 1, 
                "knots": [], 
                "form": 0, 
                "spans": 1, 
                "cvs": [], 
                "ove": false, 
                "override_rgb": false, 
                "index_color": 20, 
                "rgb_color": [
                    1.0, 
                    1.0, 
                    1.0
                ]
            }, 
            "cvs_dict": {
                "cv[11][0]": [
                    9.808307647705078, 
                    171.80723571777344, 
                    8.019889831542969
                ], 
                "cv[9][1]": [
                    10.190844535827637, 
                    169.5720977783203, 
                    6.839599132537842
                ], 
                "cv[2][0]": [
                    3.2475130558013916, 
                    169.45912170410156, 
                    14.022417068481445
                ], 
                "cv[4][1]": [
                    5.3241729736328125, 
                    168.0417022705078, 
                    13.179487228393555
                ], 
                "cv[11][1]": [
                    10.38277816772461, 
                    171.9071502685547, 
                    6.813942909240723
                ], 
                "cv[7][1]": [
                    8.962562561035156, 
                    167.56227111816406, 
                    9.31799030303955
                ], 
                "cv[5][1]": [
                    6.666144847869873, 
                    167.39111328125, 
                    12.181804656982422
                ], 
                "cv[3][1]": [
                    4.121979236602783, 
                    168.6317596435547, 
                    13.77187728881836
                ], 
                "cv[10][0]": [
                    9.74603271484375, 
                    170.95645141601562, 
                    8.033082008361816
                ], 
                "cv[8][0]": [
                    9.284908294677734, 
                    169.13699340820312, 
                    8.863343238830566
                ], 
                "cv[6][1]": [
                    7.997082233428955, 
                    167.36660766601562, 
                    10.790746688842773
                ], 
                "cv[0][1]": [
                    1.853698968887329, 
                    170.84300231933594, 
                    14.747322082519531
                ], 
                "cv[1][1]": [
                    2.4344639778137207, 
                    169.93746948242188, 
                    14.519977569580078
                ], 
                "cv[9][0]": [
                    9.604866027832031, 
                    170.0734100341797, 
                    8.254972457885742
                ], 
                "cv[4][0]": [
                    5.5058979988098145, 
                    168.3476104736328, 
                    12.983098030090332
                ], 
                "cv[2][1]": [
                    3.1400070190429688, 
                    169.26461791992188, 
                    14.209410667419434
                ], 
                "cv[7][0]": [
                    8.632972717285156, 
                    168.48004150390625, 
                    9.95226001739502
                ], 
                "cv[1][0]": [
                    2.5405430793762207, 
                    170.14857482910156, 
                    14.332508087158203
                ], 
                "cv[5][0]": [
                    6.742671966552734, 
                    168.18663024902344, 
                    12.11833667755127
                ], 
                "cv[8][1]": [
                    9.875171661376953, 
                    168.10574340820312, 
                    7.382960796356201
                ], 
                "cv[3][0]": [
                    4.269774913787842, 
                    168.83609008789062, 
                    13.569236755371094
                ], 
                "cv[6][0]": [
                    7.782032012939453, 
                    168.1799774169922, 
                    11.090195655822754
                ], 
                "cv[10][1]": [
                    10.322486877441406, 
                    170.76866149902344, 
                    6.724472999572754
                ], 
                "cv[0][0]": [
                    2.0809779167175293, 
                    170.96852111816406, 
                    14.525944709777832
                ]
            }
        }
    ]
}