{
    "surfaces_list": [
        {
            "surface_name": "R_squint_srf", 
            "surface_shape": "R_squint_srfShape", 
            "range_u": {
                "max": 1.0, 
                "min": 0.0
            }, 
            "range_v": {
                "max": 1.0, 
                "min": 0.0
            }, 
            "curve_u": {
                "shape_name": "crv_shape", 
                "parent_name": "tmp_ctrl", 
                "degree": 2, 
                "knots": [], 
                "form": 0, 
                "spans": 11, 
                "cvs": [], 
                "ove": false, 
                "override_rgb": false, 
                "index_color": 20, 
                "rgb_color": [
                    1.0, 
                    1.0, 
                    1.0
                ]
            }, 
            "curve_v": {
                "shape_name": "crv_shape", 
                "parent_name": "tmp_ctrl", 
                "degree": 1, 
                "knots": [], 
                "form": 0, 
                "spans": 1, 
                "cvs": [], 
                "ove": false, 
                "override_rgb": false, 
                "index_color": 20, 
                "rgb_color": [
                    1.0, 
                    1.0, 
                    1.0
                ]
            }, 
            "cvs_dict": {
                "cv[11][0]": [
                    -9.234268188476562, 
                    171.75970458984375, 
                    8.93845272064209
                ], 
                "cv[9][1]": [
                    -8.749402046203613, 
                    170.7807159423828, 
                    9.615354537963867
                ], 
                "cv[2][0]": [
                    -3.3218681812286377, 
                    169.59823608398438, 
                    13.900028228759766
                ], 
                "cv[4][1]": [
                    -5.733466625213623, 
                    168.8125457763672, 
                    12.79651927947998
                ], 
                "cv[11][1]": [
                    -8.909404754638672, 
                    171.7356414794922, 
                    9.390385627746582
                ], 
                "cv[7][1]": [
                    -8.080340385437012, 
                    169.58236694335938, 
                    10.59532356262207
                ], 
                "cv[5][1]": [
                    -6.675244331359863, 
                    168.83828735351562, 
                    12.09768009185791
                ], 
                "cv[3][1]": [
                    -4.520042896270752, 
                    169.07371520996094, 
                    13.43516731262207
                ], 
                "cv[10][0]": [
                    -9.164536476135254, 
                    171.13674926757812, 
                    8.995391845703125
                ], 
                "cv[8][0]": [
                    -8.779131889343262, 
                    169.80331420898438, 
                    9.624561309814453
                ], 
                "cv[6][1]": [
                    -7.436564922332764, 
                    169.11033630371094, 
                    11.324910163879395
                ], 
                "cv[12][0]": [
                    -9.232173919677734, 
                    172.43675231933594, 
                    9.001335144042969
                ], 
                "cv[0][1]": [
                    -2.366150140762329, 
                    171.0631866455078, 
                    14.235390663146973
                ], 
                "cv[1][1]": [
                    -2.720766544342041, 
                    170.37921142578125, 
                    14.1112060546875
                ], 
                "cv[9][0]": [
                    -9.055673599243164, 
                    170.5236053466797, 
                    9.168764114379883
                ], 
                "cv[4][0]": [
                    -5.615906715393066, 
                    168.5968780517578, 
                    12.86133861541748
                ], 
                "cv[2][1]": [
                    -3.3963427543640137, 
                    169.7015838623047, 
                    13.857319831848145
                ], 
                "cv[7][0]": [
                    -8.272119522094727, 
                    169.1724395751953, 
                    10.37579345703125
                ], 
                "cv[1][0]": [
                    -2.632225275039673, 
                    170.29244995117188, 
                    14.177573204040527
                ], 
                "cv[5][0]": [
                    -6.697276592254639, 
                    168.54925537109375, 
                    12.112161636352539
                ], 
                "cv[8][1]": [
                    -8.514616966247559, 
                    170.18214416503906, 
                    9.994939804077148
                ], 
                "cv[3][0]": [
                    -4.3852081298828125, 
                    168.9796905517578, 
                    13.453520774841309
                ], 
                "cv[6][0]": [
                    -7.5726165771484375, 
                    168.76112365722656, 
                    11.261911392211914
                ], 
                "cv[12][1]": [
                    -8.903058052062988, 
                    172.2856903076172, 
                    9.43698787689209
                ], 
                "cv[10][1]": [
                    -8.86070728302002, 
                    171.23353576660156, 
                    9.460102081298828
                ], 
                "cv[0][0]": [
                    -2.242513656616211, 
                    171.03329467773438, 
                    14.338915824890137
                ]
            }
        }
    ]
}