{
    "surfaces_list": [
        {
            "surface_name": "lips_up_srf", 
            "surface_shape": "lips_up_srfShape", 
            "range_u": {
                "max": 1.0, 
                "min": 0.0
            }, 
            "range_v": {
                "max": 1.0, 
                "min": 0.0
            }, 
            "curve_u": {
                "shape_name": "crv_shape", 
                "parent_name": "tmp_ctrl", 
                "degree": 2, 
                "knots": [], 
                "form": 0, 
                "spans": 15, 
                "cvs": [], 
                "ove": false, 
                "override_rgb": false, 
                "index_color": 20, 
                "rgb_color": [
                    1.0, 
                    1.0, 
                    1.0
                ]
            }, 
            "curve_v": {
                "shape_name": "crv_shape", 
                "parent_name": "tmp_ctrl", 
                "degree": 1, 
                "knots": [], 
                "form": 0, 
                "spans": 1, 
                "cvs": [], 
                "ove": false, 
                "override_rgb": false, 
                "index_color": 20, 
                "rgb_color": [
                    1.0, 
                    1.0, 
                    1.0
                ]
            }, 
            "cvs_dict": {
                "cv[11][0]": [
                    2.0459518432617188, 
                    161.0048065185547, 
                    13.480427742004395
                ], 
                "cv[9][1]": [
                    0.7382507920265198, 
                    161.0398406982422, 
                    13.540451049804688
                ], 
                "cv[15][0]": [
                    4.0087738037109375, 
                    160.95831298828125, 
                    11.658341407775879
                ], 
                "cv[2][0]": [
                    -3.8563616275787354, 
                    160.9689483642578, 
                    11.9021577835083
                ], 
                "cv[4][1]": [
                    -2.6025850772857666, 
                    161.02027893066406, 
                    12.571889877319336
                ], 
                "cv[11][1]": [
                    1.9571000337600708, 
                    161.04754638671875, 
                    13.040722846984863
                ], 
                "cv[13][0]": [
                    3.317413806915283, 
                    160.97491455078125, 
                    12.466684341430664
                ], 
                "cv[7][1]": [
                    -0.7382507920265198, 
                    161.0398406982422, 
                    13.540451049804688
                ], 
                "cv[5][1]": [
                    -1.9571000337600708, 
                    161.04754638671875, 
                    13.040722846984863
                ], 
                "cv[3][1]": [
                    -3.231658697128296, 
                    160.99789428710938, 
                    12.033527374267578
                ], 
                "cv[10][0]": [
                    1.4325635433197021, 
                    161.00119018554688, 
                    13.778177261352539
                ], 
                "cv[8][0]": [
                    -1.61948078103262e-13, 
                    160.9906768798828, 
                    14.042451858520508
                ], 
                "cv[14][0]": [
                    3.8563616275787354, 
                    160.9689483642578, 
                    11.9021577835083
                ], 
                "cv[6][1]": [
                    -1.3687591552734375, 
                    161.05015563964844, 
                    13.339733123779297
                ], 
                "cv[12][0]": [
                    2.7376708984375, 
                    160.98550415039062, 
                    12.980836868286133
                ], 
                "cv[16][0]": [
                    4.0114898681640625, 
                    160.9320526123047, 
                    11.652166366577148
                ], 
                "cv[0][1]": [
                    -3.850464105606079, 
                    160.93455505371094, 
                    11.365020751953125
                ], 
                "cv[1][1]": [
                    -3.8370132446289062, 
                    160.95616149902344, 
                    11.365406036376953
                ], 
                "cv[9][0]": [
                    0.7548523545265198, 
                    160.99122619628906, 
                    13.972941398620605
                ], 
                "cv[4][0]": [
                    -2.7376708984375, 
                    160.98550415039062, 
                    12.980836868286133
                ], 
                "cv[15][1]": [
                    3.8370132446289062, 
                    160.95616149902344, 
                    11.365406036376953
                ], 
                "cv[2][1]": [
                    -3.778167724609375, 
                    160.98037719726562, 
                    11.530954360961914
                ], 
                "cv[7][0]": [
                    -0.7548523545265198, 
                    160.99122619628906, 
                    13.972941398620605
                ], 
                "cv[13][1]": [
                    3.231658697128296, 
                    160.99789428710938, 
                    12.033527374267578
                ], 
                "cv[1][0]": [
                    -4.0087738037109375, 
                    160.95831298828125, 
                    11.658341407775879
                ], 
                "cv[5][0]": [
                    -2.0459518432617188, 
                    161.0048065185547, 
                    13.480427742004395
                ], 
                "cv[8][1]": [
                    -1.620102435453269e-13, 
                    161.03236389160156, 
                    13.611577033996582
                ], 
                "cv[3][0]": [
                    -3.317413806915283, 
                    160.97491455078125, 
                    12.466684341430664
                ], 
                "cv[6][0]": [
                    -1.4325635433197021, 
                    161.00119018554688, 
                    13.778177261352539
                ], 
                "cv[14][1]": [
                    3.778167724609375, 
                    160.98037719726562, 
                    11.530954360961914
                ], 
                "cv[12][1]": [
                    2.6025850772857666, 
                    161.02027893066406, 
                    12.571889877319336
                ], 
                "cv[16][1]": [
                    3.850464105606079, 
                    160.93455505371094, 
                    11.365020751953125
                ], 
                "cv[10][1]": [
                    1.3687591552734375, 
                    161.05015563964844, 
                    13.339733123779297
                ], 
                "cv[0][0]": [
                    -4.0114898681640625, 
                    160.9320526123047, 
                    11.652166366577148
                ]
            }
        }, 
        {
            "surface_name": "lips_down_srf", 
            "surface_shape": "lips_down_srfShape", 
            "range_u": {
                "max": 1.0, 
                "min": 0.0
            }, 
            "range_v": {
                "max": 1.0, 
                "min": 0.0
            }, 
            "curve_u": {
                "shape_name": "crv_shape", 
                "parent_name": "tmp_ctrl", 
                "degree": 2, 
                "knots": [], 
                "form": 0, 
                "spans": 15, 
                "cvs": [], 
                "ove": false, 
                "override_rgb": false, 
                "index_color": 20,