{
    "surfaces_list": [
        {
            "surface_name": "tongue_guide_srf", 
            "surface_shape": "tongue_guide_srfShape", 
            "range_u": {
                "max": 1.0, 
                "min": 0.0
            }, 
            "range_v": {
                "max": 1.0, 
                "min": 0.0
            }, 
            "curve_u": {
                "shape_name": "crv_shape", 
                "parent_name": "tmp_ctrl", 
                "degree": 2, 
                "knots": [], 
                "form": 0, 
                "spans": 5, 
                "cvs": [], 
                "ove": false, 
                "override_rgb": false, 
                "index_color": 20, 
                "rgb_color": [
                    1.0, 
                    1.0, 
                    1.0
                ]
            }, 
            "curve_v": {
                "shape_name": "crv_shape", 
                "parent_name": "tmp_ctrl", 
                "degree": 2, 
                "knots": [], 
                "form": 0, 
                "spans": 3, 
                "cvs": [], 
                "ove": false, 
                "override_rgb": false, 
                "index_color": 20, 
                "rgb_color": [
                    1.0, 
                    1.0, 
                    1.0
                ]
            }, 
            "cvs_dict": {
                "cv[2][4]": [
                    -2.7382538764932427, 
                    159.8520917030785, 
                    8.856881810260802
                ], 
                "cv[4][3]": [
                    -1.7471613186999428, 
                    160.25356029883756, 
                    6.103630878538779
                ], 
                "cv[2][0]": [
                    2.741252679786236, 
                    159.85209170330796, 
                    8.856881809780406
                ], 
                "cv[4][1]": [
                    1.7508811983180708, 
                    160.25356029703144, 
                    6.10363088237833
                ], 
                "cv[3][4]": [
                    -3.22675179298256, 
                    160.15398775590495, 
                    7.593383772247269
                ], 
                "cv[6][4]": [
                    -1.7455485207992774, 
                    160.2449916379947, 
                    3.3219513697191037
                ], 
                "cv[5][3]": [
                    -1.4124247577296158, 
                    160.29558096251628, 
                    4.572837731612593
                ], 
                "cv[5][1]": [
                    1.4156017686063453, 
                    160.29558096187492, 
                    4.572837733127762
                ], 
                "cv[3][1]": [
                    1.866853470149487, 
                    160.1539873077425, 
                    7.593386186422502
                ], 
                "cv[3][3]": [
                    -1.862578051626487, 
                    160.15398731044652, 
                    7.593386180447575
                ], 
                "cv[1][3]": [
                    -1.299439415658579, 
                    159.48395027909572, 
                    9.879493306498196
                ], 
                "cv[6][1]": [
                    0.8750284196632523, 
                    160.24504546597245, 
                    3.321996674512341
                ], 
                "cv[0][3]": [
                    -0.892597561840353, 
                    159.30598993290823, 
                    10.962196260167717
                ], 
                "cv[2][2]": [
                    0.01069761539586015, 
                    159.85209088782813, 
                    8.85688602202429
                ], 
                "cv[0][1]": [
                    0.897455873655467, 
                    159.3054935091647, 
                    10.963363304598944
                ], 
                "cv[1][1]": [
                    1.3042482082335667, 
                    159.48395027468132, 
                    9.879493317112948
                ], 
                "cv[5][4]": [
                    -2.666995119298996, 
                    160.29558105156133, 
                    4.572837249832078
                ], 
                "cv[4][0]": [
                    3.1428483545538777, 
                    160.25356056586412, 
                    6.103629433847865
                ], 
                "cv[5][2]": [
                    0.002811669511297704, 
                    160.29558093506785, 
                    4.572837851827574
                ], 
                "cv[4][2]": [
                    0.005912139823131028, 
                    160.2535602165512, 
                    6.10363123883074
                ], 
                "cv[2][1]": [
                    1.6251886015364732, 
                    159.8520910759727, 
                    8.856885189957664
                ], 
                "cv[0][4]": [
                    -1.4858951348421443, 
                    159.4202227160864, 
                    10.500685306064279
                ], 
                "cv[6][3]": [
                    -0.8720228671319146, 
                    160.24500958065613, 
                    3.3219664713187385
                ], 
                "cv[5][0]": [
                    2.6699345103950636, 
                    160.29558105153578, 
                    4.572837250393442
                ], 
                "cv[1][2]": [
                    0.011556590658994352, 
                    159.48395003273862, 
                    9.879494386922131
                ], 
                "cv[3][2]": [
                    0.008891375951611576, 
                    160.15398717345568, 
                    7.593386780722017
                ], 
                "cv[6][2]": [
                    0.0015027762656691355, 
                    160.24502752331426, 
                    3.3219815729155395
                ], 
                "cv[3][0]": [
                    3.229715200440902, 
                    160.15398775581372, 
                    7.593383772048638
                ], 
                "cv[6][0]": [
                    1.7485540733306153, 
                    160.24506340863388, 
                    3.322011776111975
                ], 
                "cv[2][3]": [
                    -1.62056109486066, 
                    159.85209107947233, 
                    8.856885181687383
                ], 
                "cv[0][2]": [
                    0.011556344113759253, 
                    159.27861394730917, 
                    11.082237180984167
                ], 
                "cv[1][4]": [
                    -2.145321532813914, 
                    159.4839510808794, 
                    9.879488971833078
                ], 
                "cv[4][4]": [
                    -3.1399156815745433, 
                    160.2535605661226, 
                    6.103629433524741
                ], 
                "cv[1][0]": [
                    2.1483523607909594, 
                    159.4839510812509, 
                    9.879488971144559
                ], 
                "cv[0][0]": [
                    1.488980339919063, 
                    159.42025310140139, 
                    10.500588567848054
                ]
            }
        }
    ]
}