{
    "surfaces_list": [
        {
            "surface_name": "tongue_guide_srf", 
            "surface_shape": "tongue_guide_srfShape", 
            "range_u": {
                "max": 1.0, 
                "min": 0.0
            }, 
            "range_v": {
                "max": 1.0, 
                "min": 0.0
            }, 
            "curve_u": {
                "shape_name": "crv_shape", 
                "parent_name": "tmp_ctrl", 
                "degree": 2, 
                "knots": [], 
                "form": 0, 
                "spans": 5, 
                "cvs": [], 
                "ove": false, 
                "override_rgb": false, 
                "index_color": 20, 
                "rgb_color": [
                    1.0, 
                    1.0, 
                    1.0
                ]
            }, 
            "curve_v": {
                "shape_name": "crv_shape", 
                "parent_name": "tmp_ctrl", 
                "degree": 2, 
                "knots": [], 
                "form": 0, 
                "spans": 3, 
                "cvs": [], 
                "ove": false, 
                "override_rgb": false, 
                "index_color": 20, 
                "rgb_color": [
                    1.0, 
                    1.0, 
                    1.0
                ]
            }, 
            "cvs_dict": {
                "cv[2][4]": [
                    -0.22575580491536879, 
                    20.60654115694687, 
                    0.7391346440125485
                ], 
                "cv[4][3]": [
                    -0.1435531991986481, 
                    20.60343153795466, 
                    0.5097114968039856
                ], 
                "cv[2][0]": [
                    0.22872214815384287, 
                    20.60654115694687, 
                    0.7391346439727039
                ], 
                "cv[4][1]": [
                    0.14657934951808596, 
                    20.603430419375727, 
                    0.5097122702579024
                ], 
                "cv[3][4]": [
                    -0.26627250671768987, 
                    20.606541408039227, 
                    0.6343383460018653
                ], 
                "cv[6][4]": [
                    -0.14341943148050035, 
                    20.488062303818573, 
                    0.34242062460494993
                ], 
                "cv[5][3]": [
                    -0.11578967971295999, 
                    20.55506006681952, 
                    0.3987966885370394
                ], 
                "cv[5][1]": [
                    0.11877080373817905, 
                    20.55505424339175, 
                    0.3987995507507091
                ], 
                "cv[3][1]": [
                    0.15619825227390544, 
                    20.60654140803886, 
                    0.6343385462369429
                ], 
                "cv[3][3]": [
                    -0.15312602477913384, 
                    20.60654140803886, 
                    0.6343385457413739
                ], 
                "cv[1][3]": [
                    -0.1064185170975191, 
                    20.599244555521075, 
                    0.8239514746562514
                ], 
                "cv[6][1]": [
                    0.07393489258667578, 
                    20.48870951029816, 
                    0.34242438224799376
                ], 
                "cv[0][3]": [
                    -0.07267448357057761, 
                    20.587358030931412, 
                    0.9137523749949521
                ], 
                "cv[2][2]": [
                    0.0022460843585077454, 
                    20.606541156946204, 
                    0.7391349933421143
                ], 
                "cv[0][1]": [
                    0.07579505705189662, 
                    20.58725950130042, 
                    0.9138491712956399
                ], 
                "cv[1][1]": [
                    0.109534983383663, 
                    20.59924522489697, 
                    0.8239514755366528
                ], 
                "cv[5][4]": [
                    -0.2198455037276128, 
                    20.5547157093122, 
                    0.3979788281658025
                ], 
                "cv[4][0]": [
                    0.26203105623803585, 
                    20.607760062097107, 
                    0.5067196029398398
                ], 
                "cv[5][2]": [
                    0.0015920129550301293, 
                    20.553867024219336, 
                    0.3999833053246807
                ], 
                "cv[4][2]": [
                    0.0018491703078686, 
                    20.60735255813489, 
                    0.5068576861838586
                ], 
                "cv[2][1]": [
                    0.13615422938828337, 
                    20.606541156946363, 
                    0.7391349243293426
                ], 
                "cv[0][4]": [
                    -0.12188341575622819, 
                    20.59125901933844, 
                    0.8754740096739763
                ], 
                "cv[6][3]": [
                    -0.07096798955691512, 
                    20.488714319588436, 
                    0.3424218771527877
                ], 
                "cv[5][0]": [
                    0.22280691923520965, 
                    20.554712092278336, 
                    0.3979813483366015
                ], 
                "cv[1][2]": [
                    0.002317328970648768, 
                    20.599846499050212, 
                    0.8239515642681268
                ], 
                "cv[3][2]": [
                    0.002096272327635326, 
                    20.606541408038748, 
                    0.6343385955289774
                ], 
                "cv[6][2]": [
                    0.0014834515148804362, 
                    20.488104292632777, 
                    0.34242312970039046
                ], 
                "cv[3][0]": [
                    0.26923591417603215, 
                    20.606541408039227, 
                    0.6343383459853909
                ], 
                "cv[6][0]": [
                    0.1463863345102612, 
                    20.48806174363975, 
                    0.3424256347958316
                ], 
                "cv[2][3]": [
                    -0.13305279920868113, 
                    20.606541156946363, 
                    0.7391349236433942
                ], 
                "cv[0][2]": [
                    0.002317308521841446, 
                    20.584762508672828, 
                    0.9237087371996264
                ], 
                "cv[1][4]": [
                    -0.17657716536157647, 
                    20.598261444268918, 
                    0.8239511151330516
                ], 
                "cv[4][4]": [
                    -0.25907019794045566, 
                    20.60776062676432, 
                    0.506719212628311
                ], 
                "cv[1][0]": [
                    0.17954616477222665, 
                    20.598270864642966, 
                    0.8239511150759442
                ], 
                "cv[0][0]": [
                    0.12485692527974918, 
                    20.5912585755384, 
                    0.875465986070748
                ]
            }
        }
    ]
}