{
    "surfaces_list": [
        {
            "surface_name": "L_upper_orbicular_srf", 
            "surface_shape": "L_upper_orbicular_srfShape", 
            "range_u": {
                "max": 1.0, 
                "min": 0.0
            }, 
            "range_v": {
                "max": 1.0, 
                "min": 0.0
            }, 
            "curve_u": {
                "shape_name": "crv_shape", 
                "parent_name": "tmp_ctrl", 
                "degree": 2, 
                "knots": [], 
                "form": 0, 
                "spans": 11, 
                "cvs": [], 
                "ove": false, 
                "override_rgb": false, 
                "index_color": 20, 
                "rgb_color": [
                    1.0, 
                    1.0, 
                    1.0
                ]
            }, 
            "curve_v": {
                "shape_name": "crv_shape", 
                "parent_name": "tmp_ctrl", 
                "degree": 1, 
                "knots": [], 
                "form": 0, 
                "spans": 1, 
                "cvs": [], 
                "ove": false, 
                "override_rgb": false, 
                "index_color": 20, 
                "rgb_color": [
                    1.0, 
                    1.0, 
                    1.0
                ]
            }, 
            "cvs_dict": {
                "cv[11][0]": [
                    9.137290954589844, 
                    173.1758575439453, 
                    9.225912094116211
                ], 
                "cv[9][1]": [
                    8.145195007324219, 
                    174.59632873535156, 
                    10.405491828918457
                ], 
                "cv[2][0]": [
                    2.0917210578918457, 
                    172.88644409179688, 
                    14.386404991149902
                ], 
                "cv[4][1]": [
                    2.8914411067962646, 
                    174.64285278320312, 
                    13.861287117004395
                ], 
                "cv[11][1]": [
                    8.804527282714844, 
                    172.9091033935547, 
                    9.635868072509766
                ], 
                "cv[7][1]": [
                    6.2144551277160645, 
                    175.96768188476562, 
                    11.915054321289062
                ], 
                "cv[5][1]": [
                    3.665466070175171, 
                    175.4860382080078, 
                    13.443485260009766
                ], 
                "cv[3][1]": [
                    2.3875579833984375, 
                    173.76751708984375, 
                    14.168137550354004
                ], 
                "cv[10][0]": [
                    8.840564727783203, 
                    174.0095672607422, 
                    9.631226539611816
                ], 
                "cv[8][0]": [
                    7.4287261962890625, 
                    175.6796112060547, 
                    11.017245292663574
                ], 
                "cv[6][1]": [
                    4.8635640144348145, 
                    176.04544067382812, 
                    12.780533790588379
                ], 
                "cv[12][0]": [
                    9.23101806640625, 
                    172.43675231933594, 
                    9.017630577087402
                ], 
                "cv[0][1]": [
                    2.315886974334717, 
                    171.0631866455078, 
                    14.228384017944336
                ], 
                "cv[1][1]": [
                    2.190032958984375, 
                    171.82846069335938, 
                    14.28206729888916
                ], 
                "cv[9][0]": [
                    8.285930633544922, 
                    174.9085235595703, 
                    10.211874008178711
                ], 
                "cv[4][0]": [
                    2.7984700202941895, 
                    174.82315063476562, 
                    13.941216468811035
                ], 
                "cv[2][1]": [
                    2.1933209896087646, 
                    172.75582885742188, 
                    14.282458305358887
                ], 
                "cv[7][0]": [
                    6.267578125, 
                    176.12887573242188, 
                    11.91153621673584
                ], 
                "cv[1][0]": [
                    2.0956039428710938, 
                    171.90585327148438, 
                    14.390716552734375
                ], 
                "cv[5][0]": [
                    3.590636968612671, 
                    175.63140869140625, 
                    13.492165565490723
                ], 
                "cv[8][1]": [
                    7.290404796600342, 
                    175.4049072265625, 
                    11.055689811706543
                ], 
                "cv[3][0]": [
                    2.2928390502929688, 
                    173.92274475097656, 
                    14.257740020751953
                ], 
                "cv[6][0]": [
                    4.821189880371094, 
                    176.22024536132812, 
                    12.813772201538086
                ], 
                "cv[12][1]": [
                    8.895057678222656, 
                    172.2856903076172, 
                    9.487929344177246
                ], 
                "cv[10][1]": [
                    8.591083526611328, 
                    173.65000915527344, 
                    9.926030158996582
                ], 
                "cv[0][0]": [
                    2.227051019668579, 
                    171.03329467773438, 
                    14.336565017700195
                ]
            }
        }
    ]
}